days,title,author,rating,url
mon,참교육,채용택 / 한가람,9.89,https://comic.naver.com/webtoon/list?titleId=758037&tab=mon
mon,어느날 갑자기 가슴이 커짐,물렁이,9.73,https://comic.naver.com/webtoon/list?titleId=830015&tab=mon
mon,똑 닮은 딸,이담,9.98,https://comic.naver.com/webtoon/list?titleId=774866&tab=mon
mon,신의 탑,SIU,9.84,https://comic.naver.com/webtoon/list?titleId=183559&tab=mon
mon,윈드브레이커,조용석,9.84,https://comic.naver.com/webtoon/list?titleId=602910&tab=mon
mon,환생천마,JP / 부겸 / 장영훈,9.95,https://comic.naver.com/webtoon/list?titleId=822657&tab=mon
mon,절대검감,김두루미 / 티아이 / 한중월야,9.95,https://comic.naver.com/webtoon/list?titleId=796075&tab=mon
mon,귀촌리,황양 / 이대한,9.95,https://comic.naver.com/webtoon/list?titleId=822573&tab=mon
mon,퀘스트지상주의,"박만사, 유누니 / 박만사, 태완",9.51,https://comic.naver.com/webtoon/list?titleId=783052&tab=mon
mon,왕과의 야행,보리,9.98,https://comic.naver.com/webtoon/list?titleId=817859&tab=mon
mon,2024 루키 단편선,네이버웹툰 작가,9.86,https://comic.naver.com/webtoon/list?titleId=831770&tab=mon
mon,수상한 다이어트 클럽,스프링,9.92,https://comic.naver.com/webtoon/list?titleId=821626&tab=mon
mon,별난식당,HO9,9.96,https://comic.naver.com/webtoon/list?titleId=806189&tab=mon
mon,시한부 천재가 살아남는 법,JP / 윤승기 / 청시소,9.95,https://comic.naver.com/webtoon/list?titleId=832703&tab=mon
mon,회귀한 공작가의 막내도련님은 암살자,스윙뱃 / 커피라임,9.92,https://comic.naver.com/webtoon/list?titleId=821195&tab=mon
mon,우아한 욕망,김종건,9.91,https://comic.naver.com/webtoon/list?titleId=813552&tab=mon
mon,"정신 차려, 전승연",제민,9.78,https://comic.naver.com/webtoon/list?titleId=832243&tab=mon
mon,팔이피플,매미 / 희세,9.95,https://comic.naver.com/webtoon/list?titleId=774863&tab=mon
mon,버림받은 왕녀의 은밀한 침실,혜니 / 성혜림,9.95,https://comic.naver.com/webtoon/list?titleId=796867&tab=mon
mon,천재 타자가 강속구를 숨김,"황지성 / 스튜디오MW, 김성은 / 이블라인",9.91,https://comic.naver.com/webtoon/list?titleId=807775&tab=mon
mon,잔불의 기사,환댕,9.96,https://comic.naver.com/webtoon/list?titleId=768536&tab=mon
mon,토마토가 돼라!,뮤리,9.98,https://comic.naver.com/webtoon/list?titleId=805702&tab=mon
mon,무벌전,노백,9.90,https://comic.naver.com/webtoon/list?titleId=827322&tab=mon
mon,중세 판타지 속 망나니 경비조장,스튜디오MW / 김가든 / 곰돌이는,9.94,https://comic.naver.com/webtoon/list?titleId=831416&tab=mon
mon,학식의 꿈,으앵,9.98,https://comic.naver.com/webtoon/list?titleId=818403&tab=mon
mon,아포칼립스에 집을 숨김,DD / 송지형 / 로드워리어,9.78,https://comic.naver.com/webtoon/list?titleId=825332&tab=mon
mon,만렙돌파,"성불예정, 준1 / 미노",9.44,https://comic.naver.com/webtoon/list?titleId=759940&tab=mon
mon,잘 헤어지는 방법,강문송 / 1172,9.92,https://comic.naver.com/webtoon/list?titleId=826348&tab=mon
mon,어린이집 다니는 구나,구나,9.98,https://comic.naver.com/webtoon/list?titleId=817945&tab=mon
mon,악당 가족이 독립을 반대한다,밋츄 / 하티 / 이흰,9.97,https://comic.naver.com/webtoon/list?titleId=817365&tab=mon
mon,제왕,"김남규 / 애풍, 아쿠아콘",9.92,https://comic.naver.com/webtoon/list?titleId=783535&tab=mon
mon,우리 안 사귀어!!,이경민 / 송준혁,9.66,https://comic.naver.com/webtoon/list?titleId=828670&tab=mon
mon,폭력의 왕,LICO / 한경찬,9.81,https://comic.naver.com/webtoon/list?titleId=824890&tab=mon
mon,히어로메이커,빤쓰,9.93,https://comic.naver.com/webtoon/list?titleId=21815&tab=mon
mon,좀비묵시록 82-08,"달아 / 아쿠아콘, 경우 / 박스오피스",9.80,https://comic.naver.com/webtoon/list?titleId=814742&tab=mon
mon,영업 천재가 되었다,혜림 / 댄킴,9.91,https://comic.naver.com/webtoon/list?titleId=818780&tab=mon
mon,불편한 편의점,ANGELA / p.P / 김호연,9.96,https://comic.naver.com/webtoon/list?titleId=824782&tab=mon
mon,개같이 탈출,갬쟈,9.95,https://comic.naver.com/webtoon/list?titleId=814594&tab=mon
mon,구야는 신입,구야,9.92,https://comic.naver.com/webtoon/list?titleId=828167&tab=mon
mon,위험하지 않아요 NPC씨,미라주,9.96,https://comic.naver.com/webtoon/list?titleId=828365&tab=mon
mon,더블클릭,"박수봉, 김장훈 / 박수봉",9.94,https://comic.naver.com/webtoon/list?titleId=769663&tab=mon
mon,피폐물을 힐링물로 만드는 방법,류호 / 양담 / 황도톨,9.97,https://comic.naver.com/webtoon/list?titleId=826381&tab=mon
mon,진주,"박만사, 백두 / 백승훈, 백두",9.90,https://comic.naver.com/webtoon/list?titleId=818588&tab=mon
mon,타이탄,네온비 / 장구,9.56,https://comic.naver.com/webtoon/list?titleId=829714&tab=mon
mon,리턴 투 플레이어,레포 / 세혼 / 인덱스,9.93,https://comic.naver.com/webtoon/list?titleId=752414&tab=mon
mon,우주천마 3077,산하 / 김대영 / 녹색여우,9.47,https://comic.naver.com/webtoon/list?titleId=829195&tab=mon
mon,마왕을 그만둔 이유,김대일 / 이상혁,9.81,https://comic.naver.com/webtoon/list?titleId=820897&tab=mon
mon,미친 재능의 플레이어,S-Nanyc / 호라칸 / 체나,9.81,https://comic.naver.com/webtoon/list?titleId=814781&tab=mon
mon,숭늉버블티,솔리,9.86,https://comic.naver.com/webtoon/list?titleId=832674&tab=mon
mon,황후의 짐승간택,LICO / 꿀밤비,9.83,https://comic.naver.com/webtoon/list?titleId=828127&tab=mon
mon,K학원 생존기,양아최,9.95,https://comic.naver.com/webtoon/list?titleId=823190&tab=mon
mon,모솔대첩,진자 / 정생,9.57,https://comic.naver.com/webtoon/list?titleId=833596&tab=mon
mon,인섹터,마카빔,9.95,https://comic.naver.com/webtoon/list?titleId=801710&tab=mon
mon,기생몽,닺,9.76,https://comic.naver.com/webtoon/list?titleId=827160&tab=mon
mon,시한부의 아이까지 뺏으려 합니다,랍스타 / 이루이,9.82,https://comic.naver.com/webtoon/list?titleId=814362&tab=mon
mon,막장 악녀,LICO / 사야,9.95,https://comic.naver.com/webtoon/list?titleId=823022&tab=mon
mon,헬크래프트,나락 / 영기,9.90,https://comic.naver.com/webtoon/list?titleId=800034&tab=mon
mon,아직 제목 없음,주영현,9.88,https://comic.naver.com/webtoon/list?titleId=831547&tab=mon
mon,꿈의 기업,문지현,9.97,https://comic.naver.com/webtoon/list?titleId=687915&tab=mon
mon,라서드,감람,9.97,https://comic.naver.com/webtoon/list?titleId=756140&tab=mon
mon,보스리턴,양세준,9.89,https://comic.naver.com/webtoon/list?titleId=818668&tab=mon
mon,함부로 친절하지 말라,아린 / 류화 / 유세라,9.97,https://comic.naver.com/webtoon/list?titleId=821095&tab=mon
mon,요리사가 되고 싶은 천마님,필나르 / 춘삼 / 점도리,9.86,https://comic.naver.com/webtoon/list?titleId=823536&tab=mon
mon,공녀님의 꽃밭에는 그들이 산다,검오리 / 영락 / 고겨울,9.88,https://comic.naver.com/webtoon/list?titleId=818528&tab=mon
mon,악녀교실,즛호,9.94,https://comic.naver.com/webtoon/list?titleId=814116&tab=mon
mon,연애복붙,석한,9.64,https://comic.naver.com/webtoon/list?titleId=833414&tab=mon
mon,찌질하지만 로맨스는 하고 싶어,상수,9.25,https://comic.naver.com/webtoon/list?titleId=774870&tab=mon
mon,게임마스터,둥치 / Akaogi Seki,9.61,https://comic.naver.com/webtoon/list?titleId=832104&tab=mon
mon,"사랑, 그거 어떻게 하는 건데",이범,9.97,https://comic.naver.com/webtoon/list?titleId=818020&tab=mon
mon,서브 남주가 파업하면 생기는 일,유삼 / 창대 / 숙임,9.96,https://comic.naver.com/webtoon/list?titleId=803518&tab=mon
mon,두 번째 삶은 힐링라이프?,당토,9.93,https://comic.naver.com/webtoon/list?titleId=819202&tab=mon
mon,여고생이 신인데 나만 괴롭힘,박장고 / 이우,9.86,https://comic.naver.com/webtoon/list?titleId=821336&tab=mon
mon,기사식당,신의철 / 스릴,9.86,https://comic.naver.com/webtoon/list?titleId=827077&tab=mon
mon,러브 로스팅,이순기 / 이예린,9.91,https://comic.naver.com/webtoon/list?titleId=828103&tab=mon
mon,"세계 서열 0위님, 제발 그만해 주세요",Aria / 오이드럼 / 먕먕녕녕,9.96,https://comic.naver.com/webtoon/list?titleId=827290&tab=mon
mon,나의 보이소프렌드,망공이,9.97,https://comic.naver.com/webtoon/list?titleId=819698&tab=mon
mon,악당과 악당이 만나면,삵 / 쏘가리 / 임하얌,9.96,https://comic.naver.com/webtoon/list?titleId=804782&tab=mon
mon,녹빛자정의 연인,백작,9.97,https://comic.naver.com/webtoon/list?titleId=822193&tab=mon
mon,최후의 금빛아이,알깨 / 새몽,9.95,https://comic.naver.com/webtoon/list?titleId=772734&tab=mon
mon,다육이는 잘 자란다,도국,9.94,https://comic.naver.com/webtoon/list?titleId=820800&tab=mon
mon,달로 만든 아이,온윤,9.97,https://comic.naver.com/webtoon/list?titleId=784107&tab=mon
mon,퇴근 후에 만나요,멍뭉 / 햄친 / 로즈빈,9.94,https://comic.naver.com/webtoon/list?titleId=801517&tab=mon
mon,반려짐승,래형,9.95,https://comic.naver.com/webtoon/list?titleId=818810&tab=mon
mon,솔로스쿨,랑쓰 / 승9,9.93,https://comic.naver.com/webtoon/list?titleId=824208&tab=mon
mon,영앤리치가 아니야!,최삡뺩,9.96,https://comic.naver.com/webtoon/list?titleId=734574&tab=mon
mon,내가 왜 킬러?!,규잉,9.95,https://comic.naver.com/webtoon/list?titleId=819983&tab=mon
mon,피폐물의 해피엔딩을 위하여,호,9.95,https://comic.naver.com/webtoon/list?titleId=805437&tab=mon
mon,날 먹는 건 금지양!,조9,9.97,https://comic.naver.com/webtoon/list?titleId=817019&tab=mon
mon,한국에서 히어로 하기 힘들더라,이해력,9.89,https://comic.naver.com/webtoon/list?titleId=829666&tab=mon
mon,어쌔신 크리드 - 잊혀진 사원,"ARC, Ubisoft, NOHT / Tabii",9.89,https://comic.naver.com/webtoon/list?titleId=808760&tab=mon
mon,연애 연기대상,김충전 / 일공팔,9.91,https://comic.naver.com/webtoon/list?titleId=803123&tab=mon
mon,찔레꽃 그늘 아래,해람 / 홍이,9.92,https://comic.naver.com/webtoon/list?titleId=821763&tab=mon
mon,컨트롤X,사이렌 / 서클,9.51,https://comic.naver.com/webtoon/list?titleId=812403&tab=mon
mon,달이 뜨지 않는 도시,뚱귤,9.86,https://comic.naver.com/webtoon/list?titleId=823192&tab=mon
mon,두번째 신의아이,나는야사과될거야 / 쿠키빵,9.86,https://comic.naver.com/webtoon/list?titleId=827318&tab=mon
mon,피말리는 과대생활,님니,9.96,https://comic.naver.com/webtoon/list?titleId=824272&tab=mon
mon,일파만파,최아서 / 꿍베,9.96,https://comic.naver.com/webtoon/list?titleId=823496&tab=mon
mon,프로페서,다드래기 / 노리 / 김연우,9.61,https://comic.naver.com/webtoon/list?titleId=823001&tab=mon
mon,티엔다비스 - 완벽한 구원을 위하여,삼공 / 느링 / 김영지,9.93,https://comic.naver.com/webtoon/list?titleId=817757&tab=mon
mon,오늘의 일기예보,지휘,9.86,https://comic.naver.com/webtoon/list?titleId=817987&tab=mon
mon,처음을 줄게!,을승,9.86,https://comic.naver.com/webtoon/list?titleId=819716&tab=mon
mon,선빵필승!,해미,8.50,https://comic.naver.com/webtoon/list?titleId=821807&tab=mon
mon,내가 쓴 소설 속 주인공들이 나를 죽이려 드는데요?,포카리,9.78,https://comic.naver.com/webtoon/list?titleId=823972&tab=mon
tue,김부장,"박만사, 남자의 이야기 / 정종택",9.59,https://comic.naver.com/webtoon/list?titleId=783053&tab=tue
tue,마루는 강쥐,모죠,9.98,https://comic.naver.com/webtoon/list?titleId=796152&tab=tue
tue,낢이 사는 이야기 - 계속되는 미미한 인생,서나래,9.95,https://comic.naver.com/webtoon/list?titleId=833255&tab=tue
tue,좋아? 죽어!,"김용키, 박만사 / 죠",9.49,https://comic.naver.com/webtoon/list?titleId=821192&tab=tue
tue,서울 자가에 대기업 다니는 김 부장 이야기,명랑 / 김병관 / 송희구,9.95,https://comic.naver.com/webtoon/list?titleId=819929&tab=tue
tue,괴력 난신,매드버드 / 김태형 / 한중월야,9.95,https://comic.naver.com/webtoon/list?titleId=821597&tab=tue
tue,절대회귀,JP / 박진환 / 장영훈,9.95,https://comic.naver.com/webtoon/list?titleId=828715&tab=tue
tue,내가 키운 S급들,seri / 비완 / 근서,9.91,https://comic.naver.com/webtoon/list?titleId=784248&tab=tue
tue,신입사원 김철수,스튜디오MW / 오정,9.73,https://comic.naver.com/webtoon/list?titleId=812594&tab=tue
tue,마음의소리2,조석,9.94,https://comic.naver.com/webtoon/list?titleId=814543&tab=tue
tue,유부 감자,감자,9.84,https://comic.naver.com/webtoon/list?titleId=822556&tab=tue
tue,사신소년,류,9.89,https://comic.naver.com/webtoon/list?titleId=730656&tab=tue
tue,멸망 이후의 세계,언데드딸기 / 언데드감자 / 싱숑,9.92,https://comic.naver.com/webtoon/list?titleId=789979&tab=tue
tue,한림체육관,혜성 / 이석재,9.74,https://comic.naver.com/webtoon/list?titleId=743139&tab=tue
tue,천마는 평범하게 살 수 없다,철범 / 모구 / 산천,7.90,https://comic.naver.com/webtoon/list?titleId=774358&tab=tue
tue,못 잡아먹어서 안달,팀 보도뵈 / 퀀퀀 / 플아다,9.97,https://comic.naver.com/webtoon/list?titleId=817247&tab=tue
tue,시한부인 줄 알았어요!,혜용 / 에시 / 최아리,9.97,https://comic.naver.com/webtoon/list?titleId=801711&tab=tue
tue,하북팽가 막내아들,스튜디오 시그마 / 기원 / 무향,9.85,https://comic.naver.com/webtoon/list?titleId=783877&tab=tue
tue,욕망일기Deep,"박만사, 김꿀빨 / 누리마루",8.85,https://comic.naver.com/webtoon/list?titleId=818448&tab=tue
tue,하루만 네가 되고 싶어,삼,9.96,https://comic.naver.com/webtoon/list?titleId=738487&tab=tue
tue,용사가 돌아왔다,나락 / 풍백,9.59,https://comic.naver.com/webtoon/list?titleId=773459&tab=tue
tue,긁지 않은 복권,보로리,9.78,https://comic.naver.com/webtoon/list?titleId=828908&tab=tue
tue,서툰 군인,이량,9.95,https://comic.naver.com/webtoon/list?titleId=824750&tab=tue
tue,청춘 러브썸,홍덕 / NEMONE,9.98,https://comic.naver.com/webtoon/list?titleId=828920&tab=tue
tue,아카데미 플레이어를 죽였다,기린그린 / 사람살려.,9.74,https://comic.naver.com/webtoon/list?titleId=818434&tab=tue
tue,개집사,고추참치,9.98,https://comic.naver.com/webtoon/list?titleId=828292&tab=tue
tue,초인의 게임,Two-zero / 플랜에이 / 니콜로,9.95,https://comic.naver.com/webtoon/list?titleId=795658&tab=tue
tue,사변괴담,강태진,9.94,https://comic.naver.com/webtoon/list?titleId=804783&tab=tue
tue,성검전설,최다킬,9.97,https://comic.naver.com/webtoon/list?titleId=814356&tab=tue
tue,일홀도,장래혁 / 설봉,9.87,https://comic.naver.com/webtoon/list?titleId=819230&tab=tue
tue,가공낙원,삼촌,9.98,https://comic.naver.com/webtoon/list?titleId=830053&tab=tue
tue,체탐자,"병장, 박만사 / 겸자",9.91,https://comic.naver.com/webtoon/list?titleId=814834&tab=tue
tue,회귀한 용병은 다 계획이 있다,골드행 / 박진석,9.86,https://comic.naver.com/webtoon/list?titleId=832557&tab=tue
tue,귀공자,한동우 / 이도희,9.92,https://comic.naver.com/webtoon/list?titleId=831168&tab=tue
tue,도태교실,황준호,9.92,https://comic.naver.com/webtoon/list?titleId=812161&tab=tue
tue,포 더 퀸덤,로즈옹,9.94,https://comic.naver.com/webtoon/list?titleId=812414&tab=tue
tue,원주민 공포만화,원주민,9.86,https://comic.naver.com/webtoon/list?titleId=698918&tab=tue
tue,염라강림,바른꽃,9.90,https://comic.naver.com/webtoon/list?titleId=818192&tab=tue
tue,사표내고 이계에서 힐링합니다,덤보 / 파란 / 딥블랙,9.96,https://comic.naver.com/webtoon/list?titleId=800726&tab=tue
tue,백작가의 비밀스런 시녀님,MIDNIGHT STUDIO / 백주아,9.98,https://comic.naver.com/webtoon/list?titleId=830106&tab=tue
tue,죽어 천국에 가다,수사반장,9.94,https://comic.naver.com/webtoon/list?titleId=826887&tab=tue
tue,우리 안 사귀어!!,이경민 / 송준혁,9.66,https://comic.naver.com/webtoon/list?titleId=828670&tab=tue
tue,사람의 탈,우주돌,9.97,https://comic.naver.com/webtoon/list?titleId=822198&tab=tue
tue,신과함께 돌아온 기사왕님,지대공마법소년 / 전천후마검사 / 사람살려.,7.44,https://comic.naver.com/webtoon/list?titleId=809618&tab=tue
tue,아포칼립스에 물류센터를 숨김,왕재덕 / 성구 / 구채,9.86,https://comic.naver.com/webtoon/list?titleId=829743&tab=tue
tue,티키타카,하하영 / 애크쵸,9.69,https://comic.naver.com/webtoon/list?titleId=833244&tab=tue
tue,약 파는 황태자,하강호 / 다댕 / 문백경,9.95,https://comic.naver.com/webtoon/list?titleId=818969&tab=tue
tue,암호는 002!,파도,9.96,https://comic.naver.com/webtoon/list?titleId=819223&tab=tue
tue,천만청춘,유월,9.98,https://comic.naver.com/webtoon/list?titleId=828402&tab=tue
tue,윌유메리미,마인드C,9.92,https://comic.naver.com/webtoon/list?titleId=616239&tab=tue
tue,늙은 아버지의 나날,홍연식,9.96,https://comic.naver.com/webtoon/list?titleId=829965&tab=tue
tue,나만 보는 탑 공략집,사도 / X-NAME / 쾌조,9.82,https://comic.naver.com/webtoon/list?titleId=823434&tab=tue
tue,맹수 사용 설명서,마로제이 / 성하,9.95,https://comic.naver.com/webtoon/list?titleId=819768&tab=tue
tue,깔깔깔깔,해영채,9.20,https://comic.naver.com/webtoon/list?titleId=829528&tab=tue
tue,은주의 방 2~3부,노란구미,9.93,https://comic.naver.com/webtoon/list?titleId=654138&tab=tue
tue,사리네 보석함,쪼,9.92,https://comic.naver.com/webtoon/list?titleId=822833&tab=tue
tue,빛나는 나나나나,마라링,9.94,https://comic.naver.com/webtoon/list?titleId=818205&tab=tue
tue,욕망을 가르쳐주세요,근당 / 날파카 / 단리한,9.96,https://comic.naver.com/webtoon/list?titleId=829238&tab=tue
tue,재난은 늘 곁에 있다,이혜,9.97,https://comic.naver.com/webtoon/list?titleId=827333&tab=tue
tue,그냥 선생님,연일,9.97,https://comic.naver.com/webtoon/list?titleId=804333&tab=tue
tue,개같은 아빠,미티 / 개초,9.93,https://comic.naver.com/webtoon/list?titleId=818909&tab=tue
tue,아름다운 줄리엣을 위하여,나사못 / 삼밀삼 / 도주차량,9.95,https://comic.naver.com/webtoon/list?titleId=829139&tab=tue
tue,에이머,구동인,9.81,https://comic.naver.com/webtoon/list?titleId=400739&tab=tue
tue,배드 엔딩 메이커,오일구 / 심재영 / 류은가람,9.93,https://comic.naver.com/webtoon/list?titleId=812017&tab=tue
tue,불 빌려드릴까요?,호진,9.80,https://comic.naver.com/webtoon/list?titleId=822931&tab=tue
tue,내남친 킹카만들기,랑쓰 / 섯끼,9.90,https://comic.naver.com/webtoon/list?titleId=791126&tab=tue
tue,파도의 포말,라떼,9.98,https://comic.naver.com/webtoon/list?titleId=817346&tab=tue
tue,사라질 황녀를 위하여,Migi / 림하 / 서담연,9.84,https://comic.naver.com/webtoon/list?titleId=832553&tab=tue
tue,흑역사 어게인,안수민,9.92,https://comic.naver.com/webtoon/list?titleId=814817&tab=tue
tue,형사본색,신철 / 펜촉,9.79,https://comic.naver.com/webtoon/list?titleId=819206&tab=tue
tue,팀장님은 신혼이 피곤하다,장그린 / 강하다,9.94,https://comic.naver.com/webtoon/list?titleId=804868&tab=tue
tue,환수왕,좌승훈,9.89,https://comic.naver.com/webtoon/list?titleId=819436&tab=tue
tue,무원야담,호우,9.97,https://comic.naver.com/webtoon/list?titleId=818255&tab=tue
tue,보이드맨,한건희,9.80,https://comic.naver.com/webtoon/list?titleId=827173&tab=tue
tue,여우자매,갈치,9.94,https://comic.naver.com/webtoon/list?titleId=797413&tab=tue
tue,자멸기관,김보통 / 나몬,9.93,https://comic.naver.com/webtoon/list?titleId=824240&tab=tue
tue,착한 여자 안선해,선우,9.93,https://comic.naver.com/webtoon/list?titleId=812576&tab=tue
tue,랜덤타겟,이니 / 정유한,9.91,https://comic.naver.com/webtoon/list?titleId=807582&tab=tue
tue,우투리: THE LEGACY,도토리맛 우유 / 홍기우,9.69,https://comic.naver.com/webtoon/list?titleId=797819&tab=tue
tue,던전공략은 복붙이지,REDSTONE!! / 장부규(BKORI),9.41,https://comic.naver.com/webtoon/list?titleId=829721&tab=tue
tue,폭군의 심장을 쥐었다,새드민 / Nobena / 유세유,9.92,https://comic.naver.com/webtoon/list?titleId=813121&tab=tue
tue,붉은 이정표,달뜬,9.89,https://comic.naver.com/webtoon/list?titleId=790776&tab=tue
tue,뜻밖의 청혼,이건 / 홍홍 / 해사,9.92,https://comic.naver.com/webtoon/list?titleId=821855&tab=tue
tue,집착남주의 전부인이 되었습니다,하담 / 꿀생강 / 퍼젤,9.71,https://comic.naver.com/webtoon/list?titleId=813922&tab=tue
tue,아카데미가 망했다,BIN / GG / ROHRAN,9.92,https://comic.naver.com/webtoon/list?titleId=828077&tab=tue
tue,문어숙희숙회,수현 / 김도비,9.29,https://comic.naver.com/webtoon/list?titleId=826609&tab=tue
tue,친애하는 연서,김방학,8.38,https://comic.naver.com/webtoon/list?titleId=822578&tab=tue
tue,필리아로제 - 가시왕관의 예언,백화등 / Ryuta / 김영지,9.97,https://comic.naver.com/webtoon/list?titleId=773793&tab=tue
tue,왕관을 찾아줘,MUTE,9.86,https://comic.naver.com/webtoon/list?titleId=828716&tab=tue
tue,원포인트,잇,9.81,https://comic.naver.com/webtoon/list?titleId=807314&tab=tue
tue,사장님과 공주님,요엔,9.96,https://comic.naver.com/webtoon/list?titleId=826834&tab=tue
tue,시한부 황후의 나쁜 짓,굄 / 이준 / 정무늬,9.86,https://comic.naver.com/webtoon/list?titleId=819054&tab=tue
tue,헬스x로맨스,인미,9.87,https://comic.naver.com/webtoon/list?titleId=822876&tab=tue
tue,돌격! 용마치킨,팀 오누이,9.87,https://comic.naver.com/webtoon/list?titleId=805974&tab=tue
tue,"아, 연애하고 싶다",강우봉,9.64,https://comic.naver.com/webtoon/list?titleId=818674&tab=tue
tue,왕게임,신형욱 / 범고래,9.85,https://comic.naver.com/webtoon/list?titleId=798101&tab=tue
tue,킬링 스프리,SN / 배현희,9.85,https://comic.naver.com/webtoon/list?titleId=826437&tab=tue
tue,오아뉴-멱살 한번 잡힙시다,게르마늄 / 뉴럭이,9.26,https://comic.naver.com/webtoon/list?titleId=821981&tab=tue
tue,롤플레잉,박소,9.40,https://comic.naver.com/webtoon/list?titleId=826419&tab=tue
tue,왕자님 짠내밥상,쑥,9.53,https://comic.naver.com/webtoon/list?titleId=810561&tab=tue
tue,대리게임,철준,9.24,https://comic.naver.com/webtoon/list?titleId=809263&tab=tue
tue,내 남편의 정부에게,나사못 / 댄싱브레인 / 라치크,9.95,https://comic.naver.com/webtoon/list?titleId=817366&tab=tue
tue,동경과 거짓말,오한,9.98,https://comic.naver.com/webtoon/list?titleId=809006&tab=tue
tue,귀혼,야옹이,9.19,https://comic.naver.com/webtoon/list?titleId=833705&tab=tue
tue,구룡:사로카,"박만사, 백인휘 / 백인휘",8.42,https://comic.naver.com/webtoon/list?titleId=833416&tab=tue
tue,서울역 바바리안,LICO / 진설우,8.39,https://comic.naver.com/webtoon/list?titleId=832669&tab=tue
wed,화산귀환,LICO / 비가,9.89,https://comic.naver.com/webtoon/list?titleId=769209&tab=wed
wed,전지적 독자 시점,UMI / 슬리피-C / 싱숑,9.95,https://comic.naver.com/webtoon/list?titleId=747269&tab=wed
wed,무직백수 계백순,지발,9.90,https://comic.naver.com/webtoon/list?titleId=811721&tab=wed
wed,쌉초의 난,쌉초,9.97,https://comic.naver.com/webtoon/list?titleId=823195&tab=wed
wed,조조코믹스,이동건,9.96,https://comic.naver.com/webtoon/list?titleId=774862&tab=wed
wed,내 여자친구는,박씨,9.91,https://comic.naver.com/webtoon/list?titleId=824230&tab=wed
wed,운명을 보는 회사원,영완(映完) / 임성욱,9.94,https://comic.naver.com/webtoon/list?titleId=797443&tab=wed
wed,백XX,"병장, 박만사 / 펀치킥",9.84,https://comic.naver.com/webtoon/list?titleId=804862&tab=wed
wed,캐슬2:만인지상,"정연, 박만사 / 정연",9.94,https://comic.naver.com/webtoon/list?titleId=807178&tab=wed
wed,일렉시드,손제호 / 제나,9.85,https://comic.naver.com/webtoon/list?titleId=717481&tab=wed
wed,66666년 만에 환생한 흑마법사,도박 / 백세 / 화봉,9.94,https://comic.naver.com/webtoon/list?titleId=775141&tab=wed
wed,칼에 취한 밤을 걷다,JP / 송민 / 유진성,9.93,https://comic.naver.com/webtoon/list?titleId=795542&tab=wed
wed,사천당가의 검신급 소가주가 되었다,PSG / 김종섭 / 화계,9.92,https://comic.naver.com/webtoon/list?titleId=822862&tab=wed
wed,진돌히디만화,"진돌, 히디 / 진돌",9.98,https://comic.naver.com/webtoon/list?titleId=822095&tab=wed
wed,미래의 골동품 가게,구아진,9.98,https://comic.naver.com/webtoon/list?titleId=742105&tab=wed
wed,마음의소리(였던 것),조석,9.96,https://comic.naver.com/webtoon/list?titleId=821793&tab=wed
wed,1등급 싸움과외,김태경,9.62,https://comic.naver.com/webtoon/list?titleId=821321&tab=wed
wed,별을 품은 소드마스터,홍대의 / 주노 / Q10,9.97,https://comic.naver.com/webtoon/list?titleId=816809&tab=wed
wed,왕따가 격투기를 너무 잘함,"박만사, 김꿀빨 / 김꿀빨 / 아몬드빵",9.78,https://comic.naver.com/webtoon/list?titleId=806888&tab=wed
wed,베이비 폭군,정난 / 아원 / 이흰,9.97,https://comic.naver.com/webtoon/list?titleId=807019&tab=wed
wed,흔한 빙의물인 줄 알았다,DOYOSAY / 아진 / 레몬개구리,9.97,https://comic.naver.com/webtoon/list?titleId=808018&tab=wed
wed,흑사,안경알,9.97,https://comic.naver.com/webtoon/list?titleId=828170&tab=wed
wed,대장전,신형욱 / 이광수,9.92,https://comic.naver.com/webtoon/list?titleId=829830&tab=wed
wed,나쁜사람,둠스,9.70,https://comic.naver.com/webtoon/list?titleId=750184&tab=wed
wed,중간에서 만나,조흰 / 윤김,9.95,https://comic.naver.com/webtoon/list?titleId=808455&tab=wed
wed,어느 마법사의 식당,차씨 / 스튜디오 이너스 / 배드보이즈,9.96,https://comic.naver.com/webtoon/list?titleId=818888&tab=wed
wed,건곤불이기,"박만사, 노경찬 / 형1978 / 임준욱",9.88,https://comic.naver.com/webtoon/list?titleId=829211&tab=wed
wed,이기적 연애론,교교박,9.91,https://comic.naver.com/webtoon/list?titleId=824888&tab=wed
wed,악의 등교,점조 / 시원 / 산천,9.95,https://comic.naver.com/webtoon/list?titleId=808272&tab=wed
wed,내 분신이 거물이 되어간다,LICO / 한사 / 실험샘플,9.81,https://comic.naver.com/webtoon/list?titleId=832667&tab=wed
wed,마른 가지에 바람처럼,화음 / 달새울,9.97,https://comic.naver.com/webtoon/list?titleId=748535&tab=wed
wed,"시바, 만만치 않다",상금,9.97,https://comic.naver.com/webtoon/list?titleId=827614&tab=wed
wed,어린이집 다니는 구나,구나,9.98,https://comic.naver.com/webtoon/list?titleId=817945&tab=wed
wed,우리 안 사귀어!!,이경민 / 송준혁,9.66,https://comic.naver.com/webtoon/list?titleId=828670&tab=wed
wed,엔드리스 서머,솔방울 / 해유 / 달로,9.94,https://comic.naver.com/webtoon/list?titleId=829418&tab=wed
wed,인과관계,강환영,9.96,https://comic.naver.com/webtoon/list?titleId=789652&tab=wed
wed,마님이네 미국 시골집 이야기,마님,8.85,https://comic.naver.com/webtoon/list?titleId=814048&tab=wed
wed,"안녕, 나의 수집",하린,9.95,https://comic.naver.com/webtoon/list?titleId=799267&tab=wed
wed,낫오버,돌석,9.94,https://comic.naver.com/webtoon/list?titleId=826440&tab=wed
wed,황후를 훔친 이는 누구인가,핀쿠 / 뮬리 / Lee jihye,9.95,https://comic.naver.com/webtoon/list?titleId=805737&tab=wed
wed,칼부림,고일권,9.92,https://comic.naver.com/webtoon/list?titleId=602916&tab=wed
wed,두 번 사는 프로듀서,여로운 / 왕십리글쟁이,9.92,https://comic.naver.com/webtoon/list?titleId=780253&tab=wed
wed,귀령,가나라 / 소희 / 월하야담,9.95,https://comic.naver.com/webtoon/list?titleId=832095&tab=wed
wed,용한소녀,올소,9.97,https://comic.naver.com/webtoon/list?titleId=803891&tab=wed
wed,뱀파이어 가족,unfins,9.95,https://comic.naver.com/webtoon/list?titleId=833254&tab=wed
wed,언덕 위의 제임스,쿠당탕,9.92,https://comic.naver.com/webtoon/list?titleId=671421&tab=wed
wed,나의 신은 욕망꾸러기,서아,9.93,https://comic.naver.com/webtoon/list?titleId=818567&tab=wed
wed,잠겨죽어도,쟁눠 / 성실,9.95,https://comic.naver.com/webtoon/list?titleId=824065&tab=wed
wed,우리들의 사정,득7이,9.93,https://comic.naver.com/webtoon/list?titleId=828400&tab=wed
wed,전력고백,손차양 / 냥지,9.89,https://comic.naver.com/webtoon/list?titleId=833248&tab=wed
wed,판타지 여동생!,유누,9.85,https://comic.naver.com/webtoon/list?titleId=730425&tab=wed
wed,하렘의 남자들,히어리 / 영빈  / 알파타르트,9.96,https://comic.naver.com/webtoon/list?titleId=760001&tab=wed
wed,망겜으로 기사회생,철무장미 / 한징,9.86,https://comic.naver.com/webtoon/list?titleId=833417&tab=wed
wed,닥터앤닥터 병원일기,닥터베르,9.27,https://comic.naver.com/webtoon/list?titleId=807306&tab=wed
wed,수인 보호소에서 남주를 입양해 버렸다,유지별이 / 설단희,9.97,https://comic.naver.com/webtoon/list?titleId=814599&tab=wed
wed,결혼 시뮬레이션,김래잇 / 황주영,9.71,https://comic.naver.com/webtoon/list?titleId=811716&tab=wed
wed,뽀대작렬,상하,9.92,https://comic.naver.com/webtoon/list?titleId=820923&tab=wed
wed,좀비상조,제피가루 / 모아이,9.91,https://comic.naver.com/webtoon/list?titleId=827784&tab=wed
wed,괴물공작의 딸,한바다 / 찬란,9.75,https://comic.naver.com/webtoon/list?titleId=765158&tab=wed
wed,메리 배드 19세,파로메,8.88,https://comic.naver.com/webtoon/list?titleId=829973&tab=wed
wed,급식아빠,김재한,9.75,https://comic.naver.com/webtoon/list?titleId=758662&tab=wed
wed,정상가족,박새이,9.83,https://comic.naver.com/webtoon/list?titleId=826417&tab=wed
wed,나를 낳아줘,미티 / 연주,9.83,https://comic.naver.com/webtoon/list?titleId=807308&tab=wed
wed,짝사랑은 결혼으로 끝나지 않는다,치커리 / 팀 라보 / 누오바,9.94,https://comic.naver.com/webtoon/list?titleId=819469&tab=wed
wed,"이혼은 쉬운데, 연애는 어렵다",수빙 / 팔가락 / 쥬시린시,9.93,https://comic.naver.com/webtoon/list?titleId=808201&tab=wed
wed,두꺼비집,허만강,9.66,https://comic.naver.com/webtoon/list?titleId=809870&tab=wed
wed,마침표의 유예기간,고아라,9.97,https://comic.naver.com/webtoon/list?titleId=822309&tab=wed
wed,연애일기,Hanna,9.95,https://comic.naver.com/webtoon/list?titleId=821408&tab=wed
wed,F컷,서다일,9.76,https://comic.naver.com/webtoon/list?titleId=827386&tab=wed
wed,여명의 등불,구크,9.90,https://comic.naver.com/webtoon/list?titleId=822109&tab=wed
wed,저주인형 김명자,이개 / 집손이,9.94,https://comic.naver.com/webtoon/list?titleId=827293&tab=wed
wed,"49번 남았습니다, 스승님!",김공작 / 코양희,9.96,https://comic.naver.com/webtoon/list?titleId=816860&tab=wed
wed,생존버스,Red,9.93,https://comic.naver.com/webtoon/list?titleId=828056&tab=wed
wed,나태한 마왕은 신과 싸우기로 결심한다.,백창훈,9.81,https://comic.naver.com/webtoon/list?titleId=826853&tab=wed
wed,데드포인트,마요락,9.88,https://comic.naver.com/webtoon/list?titleId=830004&tab=wed
wed,신입사원은 마왕,하우니 / 숩니,9.90,https://comic.naver.com/webtoon/list?titleId=827762&tab=wed
wed,에녹:빛나는 나무,박찬용,9.89,https://comic.naver.com/webtoon/list?titleId=823734&tab=wed
wed,누가 나를 죽였을까,후,9.93,https://comic.naver.com/webtoon/list?titleId=805730&tab=wed
wed,영웅&마왕&악당,피빈 / 모모 / 무영자,9.95,https://comic.naver.com/webtoon/list?titleId=796466&tab=wed
wed,꿈드림 어드벤처,만두인,9.66,https://comic.naver.com/webtoon/list?titleId=828875&tab=wed
wed,법법궤궤,고사리박사,9.95,https://comic.naver.com/webtoon/list?titleId=826536&tab=wed
wed,두 마리를 위한 뜰,솜마르,9.96,https://comic.naver.com/webtoon/list?titleId=806304&tab=wed
wed,어쩌다 보니 제물이 되었습니다!,떡렁,9.92,https://comic.naver.com/webtoon/list?titleId=829196&tab=wed
wed,그때 그 채영민,문홍조,9.94,https://comic.naver.com/webtoon/list?titleId=818017&tab=wed
wed,부재의 시간,김용진 / 방구석리,9.76,https://comic.naver.com/webtoon/list?titleId=827743&tab=wed
wed,아는 사람,각설이,9.84,https://comic.naver.com/webtoon/list?titleId=824002&tab=wed
wed,우리의 연애일지,오늘,9.52,https://comic.naver.com/webtoon/list?titleId=807745&tab=wed
wed,더 베이비시터,김도연,9.95,https://comic.naver.com/webtoon/list?titleId=812558&tab=wed
wed,삼덕천하,신태훈 / 울달,9.83,https://comic.naver.com/webtoon/list?titleId=823066&tab=wed
wed,판박귀,킹맨,9.81,https://comic.naver.com/webtoon/list?titleId=823433&tab=wed
wed,아이돌의 비밀 스터디,우아람,9.65,https://comic.naver.com/webtoon/list?titleId=792120&tab=wed
wed,멸종위기종인간,사하라,9.41,https://comic.naver.com/webtoon/list?titleId=791892&tab=wed
wed,수플레 팬 케이크,호박,9.93,https://comic.naver.com/webtoon/list?titleId=806505&tab=wed
wed,미시령,모코넛,9.93,https://comic.naver.com/webtoon/list?titleId=697533&tab=wed
wed,"사랑아, 영원해!",초피,9.73,https://comic.naver.com/webtoon/list?titleId=817371&tab=wed
thu,육아일기,자까,9.95,https://comic.naver.com/webtoon/list?titleId=812354&tab=thu
thu,나노마신,현절무 / 금강불괴 / 한중월야,9.86,https://comic.naver.com/webtoon/list?titleId=747271&tab=thu
thu,소꿉친구 컴플렉스,은하이,9.96,https://comic.naver.com/webtoon/list?titleId=822640&tab=thu
thu,촉법소년,"박만사, 남자의 이야기 / 정종택",9.88,https://comic.naver.com/webtoon/list?titleId=808198&tab=thu
thu,재벌집 막내아들,JP / 김병관 / 산경(山景),9.97,https://comic.naver.com/webtoon/list?titleId=800770&tab=thu
thu,무사만리행,운 / 배민기,9.93,https://comic.naver.com/webtoon/list?titleId=746857&tab=thu
thu,천마육성,광휘 / 조형근,9.91,https://comic.naver.com/webtoon/list?titleId=776255&tab=thu
thu,할배무사와 지존 손녀,신의철 / 김명현 / 일향(一向),9.97,https://comic.naver.com/webtoon/list?titleId=817246&tab=thu
thu,배달왕,박만사,7.11,https://comic.naver.com/webtoon/list?titleId=823933&tab=thu
thu,2024 루키 단편선,네이버웹툰 작가,9.86,https://comic.naver.com/webtoon/list?titleId=831770&tab=thu
thu,게임 속 바바리안으로 살아남기,팀 더 지크 / MIDNIGHT STUDIO / 정윤강,9.96,https://comic.naver.com/webtoon/list?titleId=808482&tab=thu
thu,작두,232 / POGO,9.90,https://comic.naver.com/webtoon/list?titleId=828294&tab=thu
thu,사내연애 사절!,두부 / 남수,9.97,https://comic.naver.com/webtoon/list?titleId=814512&tab=thu
thu,기자매,범배,9.98,https://comic.naver.com/webtoon/list?titleId=823285&tab=thu
thu,현실퀘스트,이주운 / 태성,9.83,https://comic.naver.com/webtoon/list?titleId=783888&tab=thu
thu,나 혼자 네크로맨서,김경열 / 김동준 / 지점장,9.94,https://comic.naver.com/webtoon/list?titleId=780170&tab=thu
thu,내향남녀,나,9.97,https://comic.naver.com/webtoon/list?titleId=812629&tab=thu
thu,사형집행관,이제환 / 박범진,9.86,https://comic.naver.com/webtoon/list?titleId=822765&tab=thu
thu,이세계 캠핑으로 힐링 라이프,일인분 / 맹깐 / 금의행,9.96,https://comic.naver.com/webtoon/list?titleId=823971&tab=thu
thu,수사9단0,김선권,9.86,https://comic.naver.com/webtoon/list?titleId=832244&tab=thu
thu,검은 늑대가 나를 부르면,해민 / 낑깡 / 임혜,9.95,https://comic.naver.com/webtoon/list?titleId=823439&tab=thu
thu,독거미,신진우 / 홍순식,9.84,https://comic.naver.com/webtoon/list?titleId=802272&tab=thu
thu,내가 키운 미친개에게 감금당했다,한가가 / 최화인 / 은가빛,9.94,https://comic.naver.com/webtoon/list?titleId=832320&tab=thu
thu,국세청 망나니,스튜디오웨이브 / 동면거북이,9.93,https://comic.naver.com/webtoon/list?titleId=785727&tab=thu
thu,가족같은 XX,서우현,9.94,https://comic.naver.com/webtoon/list?titleId=790239&tab=thu
thu,시한부 천재 암흑기사,정선율 / 나기,9.79,https://comic.naver.com/webtoon/list?titleId=809625&tab=thu
thu,저승사자:제령무사,웨방상,9.89,https://comic.naver.com/webtoon/list?titleId=827175&tab=thu
thu,에밀리의 저택,손하기,9.98,https://comic.naver.com/webtoon/list?titleId=824237&tab=thu
thu,쿠베라,카레곰,9.96,https://comic.naver.com/webtoon/list?titleId=131385&tab=thu
thu,별정직 공무원,"권소라, 서재원 / ch, 배샘",9.96,https://comic.naver.com/webtoon/list?titleId=826341&tab=thu
thu,순정빌런,세윤,9.98,https://comic.naver.com/webtoon/list?titleId=797731&tab=thu
thu,사시미 한 자루로 아카데미를 씹어먹음,GMAN / 탕아후루,9.90,https://comic.naver.com/webtoon/list?titleId=829875&tab=thu
thu,최강전설 강해효,최병열,9.57,https://comic.naver.com/webtoon/list?titleId=570506&tab=thu
thu,우리 안 사귀어!!,이경민 / 송준혁,9.66,https://comic.naver.com/webtoon/list?titleId=828670&tab=thu
thu,마왕까지 한 걸음,윤홍,9.97,https://comic.naver.com/webtoon/list?titleId=776668&tab=thu
thu,게임 최강 트롤러,박종석 / YATO / 군만두먹자,9.90,https://comic.naver.com/webtoon/list?titleId=801698&tab=thu
thu,흔한햄,잇선,9.96,https://comic.naver.com/webtoon/list?titleId=820104&tab=thu
thu,종말에서 살아남기,송,9.92,https://comic.naver.com/webtoon/list?titleId=826321&tab=thu
thu,규격 외 혈통 천재,석박지 / 피콕 / 소울풍,9.59,https://comic.naver.com/webtoon/list?titleId=798331&tab=thu
thu,불효자,정찬,9.89,https://comic.naver.com/webtoon/list?titleId=823663&tab=thu
thu,백투더찬비,장사휘,9.62,https://comic.naver.com/webtoon/list?titleId=826322&tab=thu
thu,오만의 시대,팀 코모도 / 한솔 / 레몬개구리,9.97,https://comic.naver.com/webtoon/list?titleId=814538&tab=thu
thu,삼이는 재생한다,강은영,9.98,https://comic.naver.com/webtoon/list?titleId=822874&tab=thu
thu,관계중독,오얏,9.37,https://comic.naver.com/webtoon/list?titleId=800007&tab=thu
thu,보스였음,"럭스, 박만사 / 럭스",9.92,https://comic.naver.com/webtoon/list?titleId=802833&tab=thu
thu,엄청 소환된 건에 대하여,사이토사 / 츠구토쿠,7.66,https://comic.naver.com/webtoon/list?titleId=831606&tab=thu
thu,천마님 안마하신다,이석준 / 소소 / 레빗토끼,9.94,https://comic.naver.com/webtoon/list?titleId=824264&tab=thu
thu,크립티드,247,9.76,https://comic.naver.com/webtoon/list?titleId=832758&tab=thu
thu,소심한 호랭이 코코,키몽,9.98,https://comic.naver.com/webtoon/list?titleId=825415&tab=thu
thu,VS,"한큰빛, 박만사 / 한큰빛",9.87,https://comic.naver.com/webtoon/list?titleId=820786&tab=thu
thu,개구리 인간,장혁준,9.78,https://comic.naver.com/webtoon/list?titleId=821979&tab=thu
thu,웨폰 크리에이터,조재은 / 보램,9.79,https://comic.naver.com/webtoon/list?titleId=814753&tab=thu
thu,룸비니,"박만사, 약수 / 약수",9.72,https://comic.naver.com/webtoon/list?titleId=822105&tab=thu
thu,꽃만 키우는데 너무 강함,주현후 / 쿰타타,9.97,https://comic.naver.com/webtoon/list?titleId=741825&tab=thu
thu,후회조차 사치인 당신들에게,LICO / 요정용,9.95,https://comic.naver.com/webtoon/list?titleId=827298&tab=thu
thu,24시간 미남,모미,9.94,https://comic.naver.com/webtoon/list?titleId=829028&tab=thu
thu,첫눈에 반한 건 아니지만,아임,9.93,https://comic.naver.com/webtoon/list?titleId=830637&tab=thu
thu,두 번째 딸로 태어났습니다,용원창 / 뉴궁딩팡팡,9.94,https://comic.naver.com/webtoon/list?titleId=794651&tab=thu
thu,골레이로,이난 / 채키,9.88,https://comic.naver.com/webtoon/list?titleId=824700&tab=thu
thu,"전설의 헌터, 회춘하다",백영민 / BBing,8.74,https://comic.naver.com/webtoon/list?titleId=827083&tab=thu
thu,정글쥬스,형은 / 쥬더,9.95,https://comic.naver.com/webtoon/list?titleId=762279&tab=thu
thu,강한 누나,멋쟁이,9.89,https://comic.naver.com/webtoon/list?titleId=823076&tab=thu
thu,추억이 찾아오는 가게,꼬모소이,9.98,https://comic.naver.com/webtoon/list?titleId=827328&tab=thu
thu,완벽한 예나,이겨울,9.90,https://comic.naver.com/webtoon/list?titleId=829276&tab=thu
thu,쌍둥이 영애가 남장을 하는 이유,Amamiya Ley. / MONA,9.86,https://comic.naver.com/webtoon/list?titleId=812164&tab=thu
thu,그 악룡은 무엇을 위해 사는가,호나란 / 마누비 / 레몬개구리,9.97,https://comic.naver.com/webtoon/list?titleId=808910&tab=thu
thu,부부의 의무를 원하신다면,핀쿠 / 은꽃 / 아소나,9.89,https://comic.naver.com/webtoon/list?titleId=821973&tab=thu
thu,사랑하는 여름 하늘,소장,9.92,https://comic.naver.com/webtoon/list?titleId=826661&tab=thu
thu,"이러면 안 돼요, 전하!",개굴 / 우라노스 / 최아리,9.95,https://comic.naver.com/webtoon/list?titleId=805368&tab=thu
thu,히든클래스 중력자로 최강을 노린다,네코코 / 치쿠와,8.66,https://comic.naver.com/webtoon/list?titleId=817369&tab=thu
thu,영광의 해일로,브림스 / 하제.,9.97,https://comic.naver.com/webtoon/list?titleId=820102&tab=thu
thu,내가 사랑한 물고기,우주봄봄 / 부발,9.95,https://comic.naver.com/webtoon/list?titleId=813625&tab=thu
thu,만물의 영장,보민,9.94,https://comic.naver.com/webtoon/list?titleId=729964&tab=thu
thu,미로 인 메모리,유이수,9.75,https://comic.naver.com/webtoon/list?titleId=833040&tab=thu
thu,"엔딩, 바꿔보려합니다",모카빵,9.96,https://comic.naver.com/webtoon/list?titleId=802378&tab=thu
thu,미리보기,미티 / 꿀찬,9.83,https://comic.naver.com/webtoon/list?titleId=818965&tab=thu
thu,검은 인어,또각,9.94,https://comic.naver.com/webtoon/list?titleId=822877&tab=thu
thu,마리오네타,미리암 보나스트레,9.97,https://comic.naver.com/webtoon/list?titleId=829142&tab=thu
thu,책상 낙서 티티,한짜장,9.87,https://comic.naver.com/webtoon/list?titleId=828911&tab=thu
thu,보이는 사랑,소어링 / 낫쪼 / 강형민,8.74,https://comic.naver.com/webtoon/list?titleId=827511&tab=thu
thu,귀신새가 지저귀면,홍타래,9.97,https://comic.naver.com/webtoon/list?titleId=824001&tab=thu
thu,2차전직 스킵용사,김장훈 / 박수봉,9.54,https://comic.naver.com/webtoon/list?titleId=820569&tab=thu
thu,학생만 하면 안 될까요?,글비 / 나우,9.93,https://comic.naver.com/webtoon/list?titleId=817631&tab=thu
thu,시프트,나는시주 / 대길 / 조예은,9.68,https://comic.naver.com/webtoon/list?titleId=832261&tab=thu
thu,카루나,강호진,9.82,https://comic.naver.com/webtoon/list?titleId=754876&tab=thu
thu,유월의 소한,윤정민,9.29,https://comic.naver.com/webtoon/list?titleId=796492&tab=thu
thu,누가 어른 되면 다 된댔어?,정오,9.84,https://comic.naver.com/webtoon/list?titleId=823779&tab=thu
thu,더티드레스,zzZ,9.94,https://comic.naver.com/webtoon/list?titleId=816771&tab=thu
thu,악령주의보,토마토모닝,9.86,https://comic.naver.com/webtoon/list?titleId=753223&tab=thu
thu,3X3!,만능유자차,9.98,https://comic.naver.com/webtoon/list?titleId=812223&tab=thu
thu,"첫사랑, 두 번째",하모,9.82,https://comic.naver.com/webtoon/list?titleId=817049&tab=thu
thu,어느날 교주가 된다면,아이아리,9.55,https://comic.naver.com/webtoon/list?titleId=824929&tab=thu
thu,내 여자친구는 이세계 용사?!,사다함,9.73,https://comic.naver.com/webtoon/list?titleId=827902&tab=thu
fri,외모지상주의,박태준,9.45,https://comic.naver.com/webtoon/list?titleId=641253&tab=fri
fri,역대급 영지 설계사,이현민 / 김현수 / 문백경,9.98,https://comic.naver.com/webtoon/list?titleId=777767&tab=fri
fri,나 혼자 만렙 뉴비,WAN.Z / 스윙뱃 / 메슬로우,9.93,https://comic.naver.com/webtoon/list?titleId=773797&tab=fri
fri,좋아? 죽어!,"김용키, 박만사 / 죠",9.49,https://comic.naver.com/webtoon/list?titleId=821192&tab=fri
fri,재혼 황후,히어리 / 숨풀 / 알파타르트,9.97,https://comic.naver.com/webtoon/list?titleId=735661&tab=fri
fri,사신,임재원 / 설봉,9.96,https://comic.naver.com/webtoon/list?titleId=799837&tab=fri
fri,상남자,하늘소 / 도가도 / 김태궁,9.97,https://comic.naver.com/webtoon/list?titleId=751168&tab=fri
fri,나 혼자 탑에서 농사,임형 / 이하경  / sdcknight,9.97,https://comic.naver.com/webtoon/list?titleId=808389&tab=fri
fri,유부 감자,감자,9.84,https://comic.naver.com/webtoon/list?titleId=822556&tab=fri
fri,천하제일 대사형,YooN / 북미혼,9.94,https://comic.naver.com/webtoon/list?titleId=802278&tab=fri
fri,광마회귀,JP / 이히 / 유진성,9.97,https://comic.naver.com/webtoon/list?titleId=776601&tab=fri
fri,데드퀸,김규삼,9.95,https://comic.naver.com/webtoon/list?titleId=753478&tab=fri
fri,"언니, 이번 생엔 내가 왕비야",Omin / 테미스 / 레팔진프,9.97,https://comic.naver.com/webtoon/list?titleId=798917&tab=fri
fri,낙향문사전,바킹독 / 팀 페가수스 / 언라이팅,9.78,https://comic.naver.com/webtoon/list?titleId=746534&tab=fri
fri,A.I. 닥터,ZAINO / 쿠큐 / 한산이가,9.98,https://comic.naver.com/webtoon/list?titleId=765804&tab=fri
fri,죽지 않으려면,파래 / 임진국,9.89,https://comic.naver.com/webtoon/list?titleId=772764&tab=fri
fri,열렙전사 3부,"김세훈, 스튜디오 호호이 / 김세훈",9.72,https://comic.naver.com/webtoon/list?titleId=817032&tab=fri
fri,여우놀이,황혜진,9.96,https://comic.naver.com/webtoon/list?titleId=768469&tab=fri
fri,사자의 서,랑또 / 키로,9.97,https://comic.naver.com/webtoon/list?titleId=823737&tab=fri
fri,전남편의 미친개를 길들였다,철무장미 / 자개 / 재겸,9.98,https://comic.naver.com/webtoon/list?titleId=804160&tab=fri
fri,세기말 풋사과 보습학원,순끼,9.98,https://comic.naver.com/webtoon/list?titleId=761722&tab=fri
fri,커플브레이커,기맹기 / 태건,9.94,https://comic.naver.com/webtoon/list?titleId=804832&tab=fri
fri,가장 썩은 것을 줄게,윤다,9.81,https://comic.naver.com/webtoon/list?titleId=821814&tab=fri
fri,문제적 왕자님,선인장 / 솔체,9.96,https://comic.naver.com/webtoon/list?titleId=800046&tab=fri
fri,서울역 드루이드,문성호 / 활성곰 / 진설우,9.81,https://comic.naver.com/webtoon/list?titleId=773476&tab=fri
fri,아카데미에서 살아남기,기린그린 / 코리타,9.86,https://comic.naver.com/webtoon/list?titleId=820097&tab=fri
fri,연애의 기록,베어리,9.38,https://comic.naver.com/webtoon/list?titleId=803792&tab=fri
fri,체크포인트,송가 / 은소,9.96,https://comic.naver.com/webtoon/list?titleId=677452&tab=fri
fri,개집사,고추참치,9.98,https://comic.naver.com/webtoon/list?titleId=828292&tab=fri
fri,펜홀더,이은재,9.94,https://comic.naver.com/webtoon/list?titleId=814587&tab=fri
fri,아르마딜로,허5파6,9.96,https://comic.naver.com/webtoon/list?titleId=826422&tab=fri
fri,히어로 킬러,꿀벌 / 벌꿀,9.96,https://comic.naver.com/webtoon/list?titleId=766563&tab=fri
fri,우리 안 사귀어!!,이경민 / 송준혁,9.66,https://comic.naver.com/webtoon/list?titleId=828670&tab=fri
fri,약탈 신부,팀 카푸치노 / 강희자매,9.81,https://comic.naver.com/webtoon/list?titleId=804329&tab=fri
fri,도깨비의 밤,문식 / 도올,9.95,https://comic.naver.com/webtoon/list?titleId=813641&tab=fri
fri,너의 미소가 함정,앵고,9.98,https://comic.naver.com/webtoon/list?titleId=741467&tab=fri
fri,남궁세가 비인격,해사,9.40,https://comic.naver.com/webtoon/list?titleId=827744&tab=fri
fri,폭군님은 착하게 살고 싶어,람글 / 카콘,9.97,https://comic.naver.com/webtoon/list?titleId=801736&tab=fri
fri,구야는 신입,구야,9.92,https://comic.naver.com/webtoon/list?titleId=828167&tab=fri
fri,성북구 비둘기 이헌서,허새보,9.97,https://comic.naver.com/webtoon/list?titleId=826580&tab=fri
fri,파티에서 추방된 영웅이 너무 뛰어남,꿀범 / 민선 / 블루클리프,9.41,https://comic.naver.com/webtoon/list?titleId=827326&tab=fri
fri,온리호프,초승,9.97,https://comic.naver.com/webtoon/list?titleId=800796&tab=fri
fri,돈구멍,박성현,9.82,https://comic.naver.com/webtoon/list?titleId=828950&tab=fri
fri,여동생은 오늘 밤 나를 간택한다,네온비 / 도달,9.96,https://comic.naver.com/webtoon/list?titleId=822557&tab=fri
fri,새동네,림스,9.95,https://comic.naver.com/webtoon/list?titleId=817752&tab=fri
fri,그 기사가 레이디로 사는 법,아인 / Ink. / 성혜림,9.96,https://comic.naver.com/webtoon/list?titleId=758675&tab=fri
fri,하는 사이,안녕,9.76,https://comic.naver.com/webtoon/list?titleId=823437&tab=fri
fri,흑요석의 신부,왕보라청푸름 / 팀 쿼츠,9.95,https://comic.naver.com/webtoon/list?titleId=814310&tab=fri
fri,암살청과,나락 / 군다,9.88,https://comic.naver.com/webtoon/list?titleId=823070&tab=fri
fri,초등생활 그림일기,은꼼지,9.97,https://comic.naver.com/webtoon/list?titleId=827863&tab=fri
fri,하남자,곽백수,9.75,https://comic.naver.com/webtoon/list?titleId=828148&tab=fri
fri,소름일기,siAm,9.78,https://comic.naver.com/webtoon/list?titleId=800585&tab=fri
fri,들개,김판교,9.21,https://comic.naver.com/webtoon/list?titleId=832795&tab=fri
fri,악당을 업어 키웠더니,혹등고래 / 리치 / 지미신,9.96,https://comic.naver.com/webtoon/list?titleId=832126&tab=fri
fri,명품시대,곽경택 / 이현세,9.80,https://comic.naver.com/webtoon/list?titleId=830010&tab=fri
fri,벌집,쿼시,7.40,https://comic.naver.com/webtoon/list?titleId=819620&tab=fri
fri,바스티안,아빈 / 솔체,9.96,https://comic.naver.com/webtoon/list?titleId=805203&tab=fri
fri,사냥개의 회귀본능,아크로 / 스튜디오 W,9.54,https://comic.naver.com/webtoon/list?titleId=818850&tab=fri
fri,천재 배우의 아우라Aura,기매 / 감차 / 글술술,9.95,https://comic.naver.com/webtoon/list?titleId=818149&tab=fri
fri,대위님! 이번 전쟁터는 이곳인가요?,보살 / 비터버 / 리묘,9.96,https://comic.naver.com/webtoon/list?titleId=803767&tab=fri
fri,그냥 선생님,연일,9.97,https://comic.naver.com/webtoon/list?titleId=804333&tab=fri
fri,그렇게 물거품이 되어도,다홍,9.98,https://comic.naver.com/webtoon/list?titleId=822239&tab=fri
fri,남편은 한 명으로 족하다,고선영,9.92,https://comic.naver.com/webtoon/list?titleId=823773&tab=fri
fri,봄그늘,구슬 / 도해 / 김차차,9.93,https://comic.naver.com/webtoon/list?titleId=828906&tab=fri
fri,복수 법률사무소,이석준 / 기선우 / 도진기,9.82,https://comic.naver.com/webtoon/list?titleId=818334&tab=fri
fri,공동급식구역,청건,9.83,https://comic.naver.com/webtoon/list?titleId=817927&tab=fri
fri,세자와 세자빈의 계약혼인전,산삼,9.97,https://comic.naver.com/webtoon/list?titleId=819459&tab=fri
fri,뼈왕,유성연,9.96,https://comic.naver.com/webtoon/list?titleId=816913&tab=fri
fri,몽홀,장태산,9.90,https://comic.naver.com/webtoon/list?titleId=644112&tab=fri
fri,후덜덜덜 남극전자,김민혁,9.86,https://comic.naver.com/webtoon/list?titleId=732036&tab=fri
fri,보이스피싱인데 인생역전,왓더헬 / 장탄,9.56,https://comic.naver.com/webtoon/list?titleId=830144&tab=fri
fri,평화식당,턍 / 서우서우,9.87,https://comic.naver.com/webtoon/list?titleId=807829&tab=fri
fri,소곤소곤2,옛사람,9.96,https://comic.naver.com/webtoon/list?titleId=818401&tab=fri
fri,절세미남 망나니 해골 되다,이루다 / 김선용,9.82,https://comic.naver.com/webtoon/list?titleId=828337&tab=fri
fri,야수라는 공작에게 시집왔는데,나양 / 김승혁 / 박약초,9.94,https://comic.naver.com/webtoon/list?titleId=817048&tab=fri
fri,북설애담,휘요,9.94,https://comic.naver.com/webtoon/list?titleId=827578&tab=fri
fri,솔트앤페퍼,소이,9.97,https://comic.naver.com/webtoon/list?titleId=792139&tab=fri
fri,악마라고 불러다오,자양 / 써나 / 안테,9.97,https://comic.naver.com/webtoon/list?titleId=793853&tab=fri
fri,소희 훔치기,세라비 / 2L,9.28,https://comic.naver.com/webtoon/list?titleId=822577&tab=fri
fri,달이 없는 나라,엥비,9.97,https://comic.naver.com/webtoon/list?titleId=780063&tab=fri
fri,아라드의 빛: 먼저 걷는 자,제갈복자 / 펑키크리처 / 이수백,9.85,https://comic.naver.com/webtoon/list?titleId=827759&tab=fri
fri,1초,시니 / 광운,9.98,https://comic.naver.com/webtoon/list?titleId=725586&tab=fri
fri,어쩌다보니 천생연분,꿀타래 / 담초,9.97,https://comic.naver.com/webtoon/list?titleId=790245&tab=fri
fri,화염의 피스메이커,Mozza / 강쓩,9.95,https://comic.naver.com/webtoon/list?titleId=826701&tab=fri
fri,그 남자의 정원,재키 / 원해 / 로즈빈,9.92,https://comic.naver.com/webtoon/list?titleId=821608&tab=fri
fri,천재의 신들린 게임방송,LICO / OPST / 믿고보는,9.88,https://comic.naver.com/webtoon/list?titleId=826534&tab=fri
fri,걔의 질투,할 / Z6,9.58,https://comic.naver.com/webtoon/list?titleId=821047&tab=fri
fri,신이 내린 탑스타,권영준 / 쿠하 / 동전파스,9.95,https://comic.naver.com/webtoon/list?titleId=829710&tab=fri
fri,미드우트,원김,9.95,https://comic.naver.com/webtoon/list?titleId=800006&tab=fri
fri,괴물 의상실,스페트,9.97,https://comic.naver.com/webtoon/list?titleId=817177&tab=fri
fri,우리는 후라이족,켄타,9.97,https://comic.naver.com/webtoon/list?titleId=818360&tab=fri
fri,스토커의 하루,bunny,9.39,https://comic.naver.com/webtoon/list?titleId=794743&tab=fri
fri,백년게임,하람 / 지야,9.84,https://comic.naver.com/webtoon/list?titleId=751999&tab=fri
fri,드래곤의 심장을 가지고 있습니다,시뉴라,9.96,https://comic.naver.com/webtoon/list?titleId=795540&tab=fri
fri,콜미로맨틱,최용성,9.93,https://comic.naver.com/webtoon/list?titleId=820171&tab=fri
fri,사랑하는 태양의 말로,해청,9.96,https://comic.naver.com/webtoon/list?titleId=827394&tab=fri
fri,3분의 1이 없어도,당과,9.92,https://comic.naver.com/webtoon/list?titleId=821043&tab=fri
fri,용사님이 일진들을 물리쳐요,냠냠이 / 동그림,9.46,https://comic.naver.com/webtoon/list?titleId=827393&tab=fri
fri,유주의 우주,샌도,9.88,https://comic.naver.com/webtoon/list?titleId=820546&tab=fri
fri,킬 더 드래곤,현가 / 미스 지수 / 백수귀족,9.94,https://comic.naver.com/webtoon/list?titleId=794102&tab=fri
fri,기억해줘,BD / 왈치,9.93,https://comic.naver.com/webtoon/list?titleId=801699&tab=fri
fri,그대에게 이 별을!,양띠 / 하래,9.81,https://comic.naver.com/webtoon/list?titleId=827297&tab=fri
fri,무제인간,제다,9.53,https://comic.naver.com/webtoon/list?titleId=821776&tab=fri
fri,메탈릭 루쥬,도쿄 아키카,7.88,https://comic.naver.com/webtoon/list?titleId=823998&tab=fri
sat,개꿈,신송림,9.93,https://comic.naver.com/webtoon/list?titleId=818791&tab=sat
sat,낢이 사는 이야기 - 계속되는 미미한 인생,서나래,9.95,https://comic.naver.com/webtoon/list?titleId=833255&tab=sat
sat,아수라,류기운 / 문정후,9.95,https://comic.naver.com/webtoon/list?titleId=826670&tab=sat
sat,마도전생기,포스스튜디오 / codezero,9.89,https://comic.naver.com/webtoon/list?titleId=807777&tab=sat
sat,쌉초의 난,쌉초,9.97,https://comic.naver.com/webtoon/list?titleId=823195&tab=sat
sat,조조코믹스,이동건,9.96,https://comic.naver.com/webtoon/list?titleId=774862&tab=sat
sat,킬러 배드로,김정현 / 임리나,9.95,https://comic.naver.com/webtoon/list?titleId=816798&tab=sat
sat,시든 꽃에 눈물을,개,9.96,https://comic.naver.com/webtoon/list?titleId=827190&tab=sat
sat,절대군림,박시대 / 장영훈,9.94,https://comic.naver.com/webtoon/list?titleId=832677&tab=sat
sat,99강화나무몽둥이,홍실 / 지페리,9.76,https://comic.naver.com/webtoon/list?titleId=792651&tab=sat
sat,비질란테 2부,CRG / 김규삼,9.96,https://comic.naver.com/webtoon/list?titleId=820371&tab=sat
sat,욕망일기Deep,"박만사, 김꿀빨 / 누리마루",8.85,https://comic.naver.com/webtoon/list?titleId=818448&tab=sat
sat,스터디그룹,신형욱 / 유승연,9.96,https://comic.naver.com/webtoon/list?titleId=721948&tab=sat
sat,신입사원 강 회장,승승이 / 선 / 산경(山景),9.91,https://comic.naver.com/webtoon/list?titleId=814766&tab=sat
sat,"나태 공자, 노력 천재 되다",doip / 도도문 / 이등별,9.95,https://comic.naver.com/webtoon/list?titleId=772853&tab=sat
sat,서툰 군인,이량,9.95,https://comic.naver.com/webtoon/list?titleId=824750&tab=sat
sat,나를 바꿔줘,이지호 / 호띠,9.90,https://comic.naver.com/webtoon/list?titleId=733280&tab=sat
sat,아홉수 우리들,수박양,9.97,https://comic.naver.com/webtoon/list?titleId=724815&tab=sat
sat,디펜스 게임의 폭군이 되었다,하정 / 굥 / 류은가람,9.96,https://comic.naver.com/webtoon/list?titleId=798182&tab=sat
sat,짜장 한 그릇에 제갈세가 데릴사위,허일 / 에르훗,9.91,https://comic.naver.com/webtoon/list?titleId=822114&tab=sat
sat,나이트런,김성민,9.91,https://comic.naver.com/webtoon/list?titleId=64997&tab=sat
sat,인생존망2,"박만사, 땅콩 / 전선욱",9.59,https://comic.naver.com/webtoon/list?titleId=820354&tab=sat
sat,왕의 힘으로 회귀한다,성현 / KIM / 안소설,9.57,https://comic.naver.com/webtoon/list?titleId=817958&tab=sat
sat,오늘만 사는 기사,"이현민, 가나라 / 이안 / 소울풍",9.96,https://comic.naver.com/webtoon/list?titleId=824543&tab=sat
sat,우리 안 사귀어!!,이경민 / 송준혁,9.66,https://comic.naver.com/webtoon/list?titleId=828670&tab=sat
sat,마왕,박주연 / 손영식 / 요도 김남재,9.88,https://comic.naver.com/webtoon/list?titleId=827164&tab=sat
sat,멸망한 가문의 회귀자,양평 / 성구 / Painkiller,9.87,https://comic.naver.com/webtoon/list?titleId=819946&tab=sat
sat,대충 캠퍼스로맨스임,공철진,9.96,https://comic.naver.com/webtoon/list?titleId=797184&tab=sat
sat,흔한햄,잇선,9.96,https://comic.naver.com/webtoon/list?titleId=820104&tab=sat
sat,사랑하는 나의 억압자,LICO / 서사희,9.97,https://comic.naver.com/webtoon/list?titleId=822080&tab=sat
sat,어글리후드,미애,9.98,https://comic.naver.com/webtoon/list?titleId=703630&tab=sat
sat,마님이네 미국 시골집 이야기,마님,8.85,https://comic.naver.com/webtoon/list?titleId=814048&tab=sat
sat,멸망한 세계의 취사병,웨스트 / 조돌 / 마일드커피,9.88,https://comic.naver.com/webtoon/list?titleId=818409&tab=sat
sat,탑아이돌의 막내 멤버가 되었다,맛곰 / 강서울,9.97,https://comic.naver.com/webtoon/list?titleId=819748&tab=sat
sat,살아생전,지도,9.97,https://comic.naver.com/webtoon/list?titleId=832575&tab=sat
sat,윌유메리미,마인드C,9.92,https://comic.naver.com/webtoon/list?titleId=616239&tab=sat
sat,묘약마녀,자유,9.98,https://comic.naver.com/webtoon/list?titleId=807029&tab=sat
sat,부패의 사제,"강선율, 보리 / YU / 사다듬",9.95,https://comic.naver.com/webtoon/list?titleId=809722&tab=sat
sat,특성 쌓는 김전사,LICO / 스튜디오 이너스 / 산호초,9.65,https://comic.naver.com/webtoon/list?titleId=832562&tab=sat
sat,K학원 생존기,양아최,9.95,https://comic.naver.com/webtoon/list?titleId=823190&tab=sat
sat,야매 힐러로 사는 법,14획 / 나옌 / 새송이덮밥,9.96,https://comic.naver.com/webtoon/list?titleId=808757&tab=sat
sat,홍시는 날 좋아해!,강하다 / 웃는해,9.96,https://comic.naver.com/webtoon/list?titleId=703839&tab=sat
sat,탑코너,윤성 / 라군,9.63,https://comic.naver.com/webtoon/list?titleId=732021&tab=sat
sat,데이워커,MUTE,9.82,https://comic.naver.com/webtoon/list?titleId=828880&tab=sat
sat,좀비X슬래셔,나락 / 홍준기,9.76,https://comic.naver.com/webtoon/list?titleId=808533&tab=sat
sat,더 해머,스튜디오 시그마 / 멘수 / Painkiller,9.87,https://comic.naver.com/webtoon/list?titleId=803794&tab=sat
sat,스쿨 오브 스트릿,슬랭킷,9.98,https://comic.naver.com/webtoon/list?titleId=822642&tab=sat
sat,토끼 여주의 새엄마가 되었다,박카린 / 시세Sisse,9.97,https://comic.naver.com/webtoon/list?titleId=823776&tab=sat
sat,흑화한 노예남을 길들였다,LICO / 보랏빛마을,9.95,https://comic.naver.com/webtoon/list?titleId=808994&tab=sat
sat,눈먼 짐승의 목줄을 쥐었다,위궤양게츠비 / PPANG / 카예,9.95,https://comic.naver.com/webtoon/list?titleId=826588&tab=sat
sat,전생연분,재아 / HAE,9.97,https://comic.naver.com/webtoon/list?titleId=783864&tab=sat
sat,"다비, 아찔하게 흐르는",소프트콘 / 이은비,9.98,https://comic.naver.com/webtoon/list?titleId=796252&tab=sat
sat,거룩한 밤 : 더 제로,사이사 / 정한길,9.47,https://comic.naver.com/webtoon/list?titleId=833413&tab=sat
sat,죽었는데 왜 집착하세요,베스트프렌드 / 미카 / 한윤설,9.93,https://comic.naver.com/webtoon/list?titleId=826529&tab=sat
sat,나의 구원이,이수이,9.86,https://comic.naver.com/webtoon/list?titleId=833415&tab=sat
sat,신이 되겠다,정연호 / 강구,9.90,https://comic.naver.com/webtoon/list?titleId=826667&tab=sat
sat,천 살 연하 황제가 집착한다,이윤희 / 카라,9.95,https://comic.naver.com/webtoon/list?titleId=821378&tab=sat
sat,공유몽,주신 / 유령선,9.93,https://comic.naver.com/webtoon/list?titleId=729047&tab=sat
sat,더 캐슬 - 귀안의 신부,혜용 / 피칸 / 진소예,9.95,https://comic.naver.com/webtoon/list?titleId=806265&tab=sat
sat,괴양이,붉은코끼리,9.83,https://comic.naver.com/webtoon/list?titleId=812339&tab=sat
sat,첫사랑은 헤이트,망두,9.97,https://comic.naver.com/webtoon/list?titleId=809694&tab=sat
sat,용사참수인,김세래,9.92,https://comic.naver.com/webtoon/list?titleId=783590&tab=sat
sat,"저무는 해, 시린 눈",MURO,9.97,https://comic.naver.com/webtoon/list?titleId=746833&tab=sat
sat,폭군 남편과 이혼하겠습니다,조사라 / 오윤하,9.90,https://comic.naver.com/webtoon/list?titleId=797844&tab=sat
sat,민간인 통제구역 - 일급기밀,OSIK,9.93,https://comic.naver.com/webtoon/list?titleId=801324&tab=sat
sat,나만 최강 초월자,에토 슌지 / 츠지다 켄타,9.42,https://comic.naver.com/webtoon/list?titleId=827423&tab=sat
sat,시한부 기사가 되었다,김두루미 / 최윤열 / 금의행,9.88,https://comic.naver.com/webtoon/list?titleId=814371&tab=sat
sat,이세계 강셰프,양평 / 이진수 / 바나바다,9.90,https://comic.naver.com/webtoon/list?titleId=819048&tab=sat
sat,율리,돌배,9.98,https://comic.naver.com/webtoon/list?titleId=765470&tab=sat
sat,마법사가 죽음을 맞이하는 방법,박젶 / 주은설,9.96,https://comic.naver.com/webtoon/list?titleId=786269&tab=sat
sat,완벽한 계약,뚜솔 / 태자 / 김소희,9.89,https://comic.naver.com/webtoon/list?titleId=826400&tab=sat
sat,만수면 무강리,공현곤,9.86,https://comic.naver.com/webtoon/list?titleId=824927&tab=sat
sat,사서고생!,몽실,9.94,https://comic.naver.com/webtoon/list?titleId=780845&tab=sat
sat,유령의 노래,김문경,9.96,https://comic.naver.com/webtoon/list?titleId=823239&tab=sat
sat,연애 생각은 없지만,서울소,9.96,https://comic.naver.com/webtoon/list?titleId=813329&tab=sat
sat,육각,권라드,9.88,https://comic.naver.com/webtoon/list?titleId=826660&tab=sat
sat,남장판 오디션,고하다 / 윤숲,9.86,https://comic.naver.com/webtoon/list?titleId=830047&tab=sat
sat,동그란 그녀와 소심한 그 남자,하야마 이즈미 / 오카무라 야치요,9.77,https://comic.naver.com/webtoon/list?titleId=812156&tab=sat
sat,죽여야 산다,은류 / 김태순,9.73,https://comic.naver.com/webtoon/list?titleId=824196&tab=sat
sat,솔직하게 말해줘!,재희,9.95,https://comic.naver.com/webtoon/list?titleId=814832&tab=sat
sat,한판,백시우,9.77,https://comic.naver.com/webtoon/list?titleId=828310&tab=sat
sat,사기캐,후렛샤 / 레이저,9.76,https://comic.naver.com/webtoon/list?titleId=778410&tab=sat
sat,괴물의 순결한 심장,융융멜 / 임혜,9.92,https://comic.naver.com/webtoon/list?titleId=818443&tab=sat
sat,어나더급식느와르,김진수,9.25,https://comic.naver.com/webtoon/list?titleId=829529&tab=sat
sat,소마소응,예조,9.93,https://comic.naver.com/webtoon/list?titleId=826530&tab=sat
sat,X의 목줄을 쥐는 법,99C / 백도,9.92,https://comic.naver.com/webtoon/list?titleId=818811&tab=sat
sat,수호소녀,엠제이,9.92,https://comic.naver.com/webtoon/list?titleId=822203&tab=sat
sat,이매망량,관절,5.16,https://comic.naver.com/webtoon/list?titleId=819506&tab=sat
sat,205호 고은혜,김송파,9.84,https://comic.naver.com/webtoon/list?titleId=824028&tab=sat
sat,너나 나나,김연우,9.94,https://comic.naver.com/webtoon/list?titleId=809056&tab=sat
sat,데이팅 캣,모하,9.50,https://comic.naver.com/webtoon/list?titleId=814039&tab=sat
sat,멸망으로 시작하는! 근미래 생존법,김부농,9.88,https://comic.naver.com/webtoon/list?titleId=811255&tab=sat
sat,합법적 연재 구역,인멸윤금,9.88,https://comic.naver.com/webtoon/list?titleId=829122&tab=sat
sat,위험한 거짓말,도파라 / 카르마 / 아라휘,9.64,https://comic.naver.com/webtoon/list?titleId=822201&tab=sat
sat,1825일,지민,9.88,https://comic.naver.com/webtoon/list?titleId=812907&tab=sat
sun,육아일기,자까,9.95,https://comic.naver.com/webtoon/list?titleId=812354&tab=sun
sun,무직백수 계백순,지발,9.90,https://comic.naver.com/webtoon/list?titleId=811721&tab=sun
sun,입학용병,YC / 락현,9.90,https://comic.naver.com/webtoon/list?titleId=758150&tab=sun
sun,기기괴괴2,오성대,9.86,https://comic.naver.com/webtoon/list?titleId=821851&tab=sun
sun,별이삼샵,혀노,9.96,https://comic.naver.com/webtoon/list?titleId=737628&tab=sun
sun,천화서고 대공자,128 / MIDNIGHT STUDIO / 김현영,9.95,https://comic.naver.com/webtoon/list?titleId=805193&tab=sun
sun,배달왕,박만사,7.11,https://comic.naver.com/webtoon/list?titleId=823933&tab=sun
sun,시월드가 내게 집착한다,승우 / 한윤설,9.98,https://comic.naver.com/webtoon/list?titleId=785251&tab=sun
sun,2회차 환관이 남성을 되찾음,LICO / 포스스튜디오 / 노빠꾸맨,9.73,https://comic.naver.com/webtoon/list?titleId=832566&tab=sun
sun,소년교도소,청민 / 이수현,9.82,https://comic.naver.com/webtoon/list?titleId=827335&tab=sun
sun,나 혼자 특성빨로 무한 성장,지제로 / 2사랑 / 선운(鮮雲),9.32,https://comic.naver.com/webtoon/list?titleId=803909&tab=sun
sun,날 닮은 아이,플아다 / 팻녹,9.94,https://comic.naver.com/webtoon/list?titleId=822111&tab=sun
sun,아카데미의 천재칼잡이,시치 / 서관도,9.90,https://comic.naver.com/webtoon/list?titleId=813564&tab=sun
sun,본즈,이건 / 무선민,9.54,https://comic.naver.com/webtoon/list?titleId=833182&tab=sun
sun,판사 이한영,문성호 / 전돌돌 / 이해날,9.95,https://comic.naver.com/webtoon/list?titleId=759567&tab=sun
sun,수희0(tngmlek0),생일기분,9.89,https://comic.naver.com/webtoon/list?titleId=774831&tab=sun
sun,문스트럭,젤리피쉬 / 영모,9.97,https://comic.naver.com/webtoon/list?titleId=833052&tab=sun
sun,자매전쟁,기맹기,9.93,https://comic.naver.com/webtoon/list?titleId=798664&tab=sun
sun,분신으로 자동사냥,차씨 / 오팔 / 몽식夢食,9.80,https://comic.naver.com/webtoon/list?titleId=799805&tab=sun
sun,"고수, 후궁으로 깨어나다",LICO / 팀 설화 / 코양희,9.96,https://comic.naver.com/webtoon/list?titleId=811219&tab=sun
sun,청춘계시록,한서,9.97,https://comic.naver.com/webtoon/list?titleId=802079&tab=sun
sun,먹뀌싸,"김숭늉, 박만사 / 팀 숭늉",9.30,https://comic.naver.com/webtoon/list?titleId=820888&tab=sun
sun,최후의 모험가,블루랍스터 / 솔티 독 / 디다트,9.83,https://comic.naver.com/webtoon/list?titleId=822570&tab=sun
sun,소년법칙,"병장, 박만사, 해태 / 호인",9.87,https://comic.naver.com/webtoon/list?titleId=827908&tab=sun
sun,우리 안 사귀어!!,이경민 / 송준혁,9.66,https://comic.naver.com/webtoon/list?titleId=828670&tab=sun
sun,환생좌,"ALLA, 갯강구, 망둥이 / 온더락",9.80,https://comic.naver.com/webtoon/list?titleId=819912&tab=sun
sun,천재 무림 트레이너,코울 / MIDNIGHT STUDIO / 크루크루,9.92,https://comic.naver.com/webtoon/list?titleId=824295&tab=sun
sun,이발소 밑 게임가게,하일권,9.97,https://comic.naver.com/webtoon/list?titleId=821812&tab=sun
sun,러스트,채.이.문 / 얌츄 / 글라딘,9.80,https://comic.naver.com/webtoon/list?titleId=832984&tab=sun
sun,혼자 다 해 먹는 천재 암살자,스튜디오 시그마 / MOZO,9.91,https://comic.naver.com/webtoon/list?titleId=818862&tab=sun
sun,위닝샷!,강견 / 시바견,9.95,https://comic.naver.com/webtoon/list?titleId=778578&tab=sun
sun,부동산이 없는 자에게 치명적인,유기,9.77,https://comic.naver.com/webtoon/list?titleId=820169&tab=sun
sun,내일,라마,9.97,https://comic.naver.com/webtoon/list?titleId=695796&tab=sun
sun,"안녕, 나의 수집",하린,9.95,https://comic.naver.com/webtoon/list?titleId=799267&tab=sun
sun,장풍전,신영우,9.94,https://comic.naver.com/webtoon/list?titleId=789966&tab=sun
sun,나혼자 어쩌구,한치 / 서민성,8.36,https://comic.naver.com/webtoon/list?titleId=832336&tab=sun
sun,사부님들이 구독 중,하강호 / 김기백 / 흑야,9.90,https://comic.naver.com/webtoon/list?titleId=829785&tab=sun
sun,재벌의 품격,아쿠아콘 / 우주영 / 서인하,9.91,https://comic.naver.com/webtoon/list?titleId=823025&tab=sun
sun,사랑은 없는 것처럼,carbo(도효원) / 김해담,9.87,https://comic.naver.com/webtoon/list?titleId=805481&tab=sun
sun,개짓,"불사 / MUTE, 서인화 / 김영한",9.86,https://comic.naver.com/webtoon/list?titleId=833620&tab=sun
sun,용사보다 너무 강해서 힘을 숨김,승한 / 예림,9.41,https://comic.naver.com/webtoon/list?titleId=814213&tab=sun
sun,랑데뷰,제로,9.91,https://comic.naver.com/webtoon/list?titleId=778967&tab=sun
sun,피폐물 남주의 엄마가 되었다,종이밤 / 태사혜 / 페릴,9.97,https://comic.naver.com/webtoon/list?titleId=818368&tab=sun
sun,무서운게 딱좋아!,이동규,9.90,https://comic.naver.com/webtoon/list?titleId=778322&tab=sun
sun,약빨이 신선함,한집 / 벤 / 아로,9.93,https://comic.naver.com/webtoon/list?titleId=800788&tab=sun
sun,그레이마크,박태현,9.92,https://comic.naver.com/webtoon/list?titleId=829462&tab=sun
sun,마법스크롤 상인 지오,엄재경 / 호패,9.94,https://comic.naver.com/webtoon/list?titleId=655746&tab=sun
sun,어느날 갑자기 서울은,박창근,9.87,https://comic.naver.com/webtoon/list?titleId=776092&tab=sun
sun,무진,사과 / 브라보 장,9.84,https://comic.naver.com/webtoon/list?titleId=805691&tab=sun
sun,악녀는 조용히 살고 싶을 뿐인데!,호나란 / 그레이캣 / 이하린,9.96,https://comic.naver.com/webtoon/list?titleId=822875&tab=sun
sun,건객,김우기 / 김주영,9.83,https://comic.naver.com/webtoon/list?titleId=823214&tab=sun
sun,상사불상사,영하 / 공사,9.97,https://comic.naver.com/webtoon/list?titleId=814820&tab=sun
sun,망겜의 시체줍는 천재전사,최원준 / 최진규 / 코라멜,9.79,https://comic.naver.com/webtoon/list?titleId=819201&tab=sun
sun,경자 전성시대,김호드,9.88,https://comic.naver.com/webtoon/list?titleId=769658&tab=sun
sun,허리케인 공주님,랑또,9.98,https://comic.naver.com/webtoon/list?titleId=807550&tab=sun
sun,노빠꾸 최하영,우엉이,9.82,https://comic.naver.com/webtoon/list?titleId=803480&tab=sun
sun,칼끝에 입술,핀쿠 / 뫄과 / 윤슬,9.95,https://comic.naver.com/webtoon/list?titleId=800778&tab=sun
sun,내게 종말은 게임이다,HOOPA / 최우진,9.94,https://comic.naver.com/webtoon/list?titleId=807826&tab=sun
sun,나는 참지 못한다,성현,9.93,https://comic.naver.com/webtoon/list?titleId=823476&tab=sun
sun,밤마다 남편이 바뀐다,구슬 / 여슬기 / 한윤설,9.97,https://comic.naver.com/webtoon/list?titleId=803649&tab=sun
sun,바바리안 영애,슬다 / 둠둠,9.96,https://comic.naver.com/webtoon/list?titleId=824261&tab=sun
sun,불완전 신데렐라물,꿀밤 / 조림,9.97,https://comic.naver.com/webtoon/list?titleId=819020&tab=sun
sun,감정전이,향유,9.95,https://comic.naver.com/webtoon/list?titleId=832317&tab=sun
sun,죽거나 혹은 사랑에 빠지거나,허니비,9.90,https://comic.naver.com/webtoon/list?titleId=819696&tab=sun
sun,홍끼의 메소포타미아 신화,홍끼,9.97,https://comic.naver.com/webtoon/list?titleId=819910&tab=sun
sun,남주의 정석,이온상,9.91,https://comic.naver.com/webtoon/list?titleId=827323&tab=sun
sun,신혼부부 생활 백서,문나영 / 이범배,9.88,https://comic.naver.com/webtoon/list?titleId=805405&tab=sun
sun,망돌의 사생,권계림,9.89,https://comic.naver.com/webtoon/list?titleId=819719&tab=sun
sun,홍 의관의 은밀한 비밀,유계진 / 서이나,9.97,https://comic.naver.com/webtoon/list?titleId=796251&tab=sun
sun,여우애담,이도광,9.98,https://comic.naver.com/webtoon/list?titleId=786082&tab=sun
sun,다크 판타지 속 성기사,네임드 / 숨숨 / 중고루,9.88,https://comic.naver.com/webtoon/list?titleId=819426&tab=sun
sun,오!단군,이경탁 / 노미영,9.96,https://comic.naver.com/webtoon/list?titleId=820602&tab=sun
sun,"아임 파인 땡큐, 앤유?",벼락,9.81,https://comic.naver.com/webtoon/list?titleId=829495&tab=sun
sun,연애일기,Hanna,9.95,https://comic.naver.com/webtoon/list?titleId=821408&tab=sun
sun,F컷,서다일,9.76,https://comic.naver.com/webtoon/list?titleId=827386&tab=sun
sun,108명의 그녀들,고송 / 레죵,9.97,https://comic.naver.com/webtoon/list?titleId=798303&tab=sun
sun,완벽한 파트너,산차 / 오하라,9.95,https://comic.naver.com/webtoon/list?titleId=801455&tab=sun
sun,검은 사슬,미세초 / J1 / 유세라,9.94,https://comic.naver.com/webtoon/list?titleId=828424&tab=sun
sun,죽고 싶습니다,연제원,9.76,https://comic.naver.com/webtoon/list?titleId=811841&tab=sun
sun,여신님의 호랑이 공략법,아완 / 청라,9.97,https://comic.naver.com/webtoon/list?titleId=802682&tab=sun
sun,방치형 용사 키우기,물고기,9.84,https://comic.naver.com/webtoon/list?titleId=827392&tab=sun
sun,손 잡은 사이,반하리,9.96,https://comic.naver.com/webtoon/list?titleId=813949&tab=sun
sun,데빌샷,CTK,9.98,https://comic.naver.com/webtoon/list?titleId=753842&tab=sun
sun,키스는 자기 전에,이채은,9.97,https://comic.naver.com/webtoon/list?titleId=818643&tab=sun
sun,백설을 위하여,김햐 / 찬겨울,9.96,https://comic.naver.com/webtoon/list?titleId=801580&tab=sun
sun,로봇소녀 노이도,잔디롤빵,9.93,https://comic.naver.com/webtoon/list?titleId=823026&tab=sun
sun,아빠는 버츄얼 아이돌,수오수,9.80,https://comic.naver.com/webtoon/list?titleId=818622&tab=sun
sun,미친 황제가 나를 안을 때,육미화 / 라타 / 임혜,9.92,https://comic.naver.com/webtoon/list?titleId=818645&tab=sun
sun,킬디스럽!,김찹쌀,9.86,https://comic.naver.com/webtoon/list?titleId=828909&tab=sun
sun,숲속의 대표님,방농구,9.94,https://comic.naver.com/webtoon/list?titleId=814818&tab=sun
sun,마피아 내니,Violet Matter / sh00,9.94,https://comic.naver.com/webtoon/list?titleId=826666&tab=sun
sun,황금의 세계를 너에게,레민,9.91,https://comic.naver.com/webtoon/list?titleId=813598&tab=sun
sun,포크&나이프,삼박,9.82,https://comic.naver.com/webtoon/list?titleId=813412&tab=sun
sun,킬링킬러,아백,9.85,https://comic.naver.com/webtoon/list?titleId=797155&tab=sun
sun,밤필드의 아이들 by DARK MOON,HYBE,9.83,https://comic.naver.com/webtoon/list?titleId=822774&tab=sun
sun,신의 재래,홍무제,9.94,https://comic.naver.com/webtoon/list?titleId=807206&tab=sun
sun,재영과 재영 사이,심싹,9.95,https://comic.naver.com/webtoon/list?titleId=823061&tab=sun
sun,구해종 SOS,탐토,9.78,https://comic.naver.com/webtoon/list?titleId=824199&tab=sun
sun,마섹남 - 마술하는 섹시한 남자,랑또 / 티르스 / 육시몬,9.90,https://comic.naver.com/webtoon/list?titleId=796894&tab=sun
sun,주인공의 주식을 팝니다,50 / 가얌 / 목감기,9.86,https://comic.naver.com/webtoon/list?titleId=808897&tab=sun
sun,노래 못 하는 남자,이해금 / 재은,9.92,https://comic.naver.com/webtoon/list?titleId=819717&tab=sun
sun,프린키피아,버튼 / 한경찰,9.84,https://comic.naver.com/webtoon/list?titleId=814407&tab=sun
sun,급발진 로맨스,야채광인,9.88,https://comic.naver.com/webtoon/list?titleId=817179&tab=sun
sun,망돌리부트,우지우,9.86,https://comic.naver.com/webtoon/list?titleId=816814&tab=sun
dailyplus,충족,수냥냥 / 이젤 / 서아랑,9.88,https://comic.naver.com/webtoon/list?titleId=827814&tab=dailyPlus
dailyplus,"달아나봐, 내게서",다우 / 아니용 / 성혜림,9.83,https://comic.naver.com/webtoon/list?titleId=829421&tab=dailyPlus
dailyplus,19년지기의 하룻밤,지움 / 모카나 / 쩐퀸,9.65,https://comic.naver.com/webtoon/list?titleId=828043&tab=dailyPlus
dailyplus,미친 짓인 줄 알면서도,"채밀, 레드 / 서순배 / 윤쏨",9.95,https://comic.naver.com/webtoon/list?titleId=824200&tab=dailyPlus
dailyplus,미래를 보는 투자자,헤지 / 양송,9.84,https://comic.naver.com/webtoon/list?titleId=833241&tab=dailyPlus
dailyplus,열혈강호 리마스터,전극진 / 양재현,9.82,https://comic.naver.com/webtoon/list?titleId=823186&tab=dailyPlus
dailyplus,악마의 소원,지고지9 / 뮨기,9.94,https://comic.naver.com/webtoon/list?titleId=816685&tab=dailyPlus
dailyplus,육식고,반적광,9.70,https://comic.naver.com/webtoon/list?titleId=804364&tab=dailyPlus
dailyplus,"닥터, 조선 가다",버퍼링 / 임동규 / 한산이가,9.91,https://comic.naver.com/webtoon/list?titleId=830016&tab=dailyPlus
dailyplus,다른 남자 아이로 키우겠어,팀 청연 / 타파하 / 파간장,9.94,https://comic.naver.com/webtoon/list?titleId=832303&tab=dailyPlus
dailyplus,???랭크 히든 장비 무쌍,쿄로 / 토바 이오리,8.25,https://comic.naver.com/webtoon/list?titleId=832707&tab=dailyPlus
dailyplus,전전긍긍 마교교주,나봉 / 송실 / 김현영,9.89,https://comic.naver.com/webtoon/list?titleId=829234&tab=dailyPlus
dailyplus,사채왕의 천재손자,제피가루 / 이삼 / 김귀랑,9.79,https://comic.naver.com/webtoon/list?titleId=829542&tab=dailyPlus
dailyplus,옆집 동생이 뱀파이어면 어떡하죠?!,이만세,9.96,https://comic.naver.com/webtoon/list?titleId=796533&tab=dailyPlus
dailyplus,대리 황후지만 첫날밤을 보내버렸다,살구젤리 / 아이라 / 클레오빡도라,9.91,https://comic.naver.com/webtoon/list?titleId=829704&tab=dailyPlus
dailyplus,어디까지 괜찮아?,민국,9.96,https://comic.naver.com/webtoon/list?titleId=821520&tab=dailyPlus
dailyplus,황제의 멍멍이,남도겸 / 문어발 / 이흰,9.93,https://comic.naver.com/webtoon/list?titleId=832985&tab=dailyPlus
dailyplus,다 잘하는 히어로,하얀독수리 / 황규영,9.76,https://comic.naver.com/webtoon/list?titleId=831551&tab=dailyPlus
dailyplus,격투병동,노도환,9.01,https://comic.naver.com/webtoon/list?titleId=832097&tab=dailyPlus
dailyplus,"바라건대, 당신의 자비를",팀 빛소금 / 팀 꿀찰떡빵 / 이른꽃,9.90,https://comic.naver.com/webtoon/list?titleId=833236&tab=dailyPlus
dailyplus,푸른 가스등,우주봄봄 / JINQ,9.92,https://comic.naver.com/webtoon/list?titleId=807310&tab=dailyPlus
dailyplus,악마는 없다,없는사람,9.90,https://comic.naver.com/webtoon/list?titleId=807080&tab=dailyPlus
dailyplus,"고양이인데, 늑대 가문에 입양당했다?","노찬주, MIHY / 고고메론 / 윤달(YounDal)",9.98,https://comic.naver.com/webtoon/list?titleId=826627&tab=dailyPlus
dailyplus,수상한 소공자는 천하십대고수,리진 / 상황이급한데 / 운찬,9.92,https://comic.naver.com/webtoon/list?titleId=819386&tab=dailyPlus
dailyplus,망나니 검사가 달라졌다,J-yul / HT studio / 안현,9.26,https://comic.naver.com/webtoon/list?titleId=829389&tab=dailyPlus
dailyplus,송백,백준 / 신정우,9.62,https://comic.naver.com/webtoon/list?titleId=829981&tab=dailyPlus
dailyplus,"시한부 3개월, 아내가 바람났다",nasio8,9.54,https://comic.naver.com/webtoon/list?titleId=827752&tab=dailyPlus
dailyplus,울부짖는 역린,조던 / 게게겍,9.95,https://comic.naver.com/webtoon/list?titleId=817925&tab=dailyPlus
dailyplus,남편의 가정이 무너질 때까지,아카이시 마나 / 나기하마 나즈즈,9.87,https://comic.naver.com/webtoon/list?titleId=832251&tab=dailyPlus
dailyplus,21세기 반로환동전,월귤 / 남장현 / 검미성,8.54,https://comic.naver.com/webtoon/list?titleId=821136&tab=dailyPlus
dailyplus,선녀외전,효빈,9.97,https://comic.naver.com/webtoon/list?titleId=800850&tab=dailyPlus
dailyplus,화무십일홍,블루쟁이 / 404nf / 동련,9.09,https://comic.naver.com/webtoon/list?titleId=833615&tab=dailyPlus
dailyplus,놀이감,Q보이,9.86,https://comic.naver.com/webtoon/list?titleId=824023&tab=dailyPlus
dailyplus,심해수,이경탁 / 노미영,9.93,https://comic.naver.com/webtoon/list?titleId=824204&tab=dailyPlus
dailyplus,주체할 수 없는,"Guoxiao / Zero, Silin",9.89,https://comic.naver.com/webtoon/list?titleId=809005&tab=dailyPlus
dailyplus,잠입! 재벌고,AJ,9.90,https://comic.naver.com/webtoon/list?titleId=806823&tab=dailyPlus
dailyplus,대뜸 착각당했다 괴물 천재배우로,중성마녀 / 해가 / 장탄,9.91,https://comic.naver.com/webtoon/list?titleId=830008&tab=dailyPlus
dailyplus,이혼 후 코인 대박,지누리 / 네펜데스 / 어둠의Dark,9.16,https://comic.naver.com/webtoon/list?titleId=822885&tab=dailyPlus
dailyplus,전생했더니 신입사원,뭉쥐 / 예환 / 대나무집,9.92,https://comic.naver.com/webtoon/list?titleId=801106&tab=dailyPlus
dailyplus,"주군, 속이 쓰립니다","오쿠다 타스크, 게스이 도만 / 카나타",9.75,https://comic.naver.com/webtoon/list?titleId=832560&tab=dailyPlus
dailyplus,늘봄가든,백율서 / 712,9.66,https://comic.naver.com/webtoon/list?titleId=827906&tab=dailyPlus
dailyplus,여고생왕후,크리티 / 네해,9.85,https://comic.naver.com/webtoon/list?titleId=828621&tab=dailyPlus
dailyplus,거짓말,진기 / 에이핀 / 마뇽,9.80,https://comic.naver.com/webtoon/list?titleId=823992&tab=dailyPlus
dailyplus,살아남은 왕녀의 웃음 뒤에는,Studio 우리들 / 아미드,9.98,https://comic.naver.com/webtoon/list?titleId=824780&tab=dailyPlus
dailyplus,꿈에서 자유로,2L,9.96,https://comic.naver.com/webtoon/list?titleId=787495&tab=dailyPlus
dailyplus,지옥락,Yuji Kaku,9.93,https://comic.naver.com/webtoon/list?titleId=808269&tab=dailyPlus
dailyplus,"부부, 어디까지 가능해?",이유수 / 시끗 / 태소영,9.89,https://comic.naver.com/webtoon/list?titleId=827813&tab=dailyPlus
dailyplus,유물읽는 감정사,영완(映完) / 임성욱,9.94,https://comic.naver.com/webtoon/list?titleId=812462&tab=dailyPlus
dailyplus,신 고구려전기,장작가 / 닼슼 / 풍아저씨,9.93,https://comic.naver.com/webtoon/list?titleId=801476&tab=dailyPlus
dailyplus,데빌사위,박솔 / 일육,9.96,https://comic.naver.com/webtoon/list?titleId=829130&tab=dailyPlus
dailyplus,신개방문,"구운몽 / 해파, 신산",9.63,https://comic.naver.com/webtoon/list?titleId=826822&tab=dailyPlus
dailyplus,제발 좀 읽어달라고,금혼 / 양갈비,9.92,https://comic.naver.com/webtoon/list?titleId=829752&tab=dailyPlus
dailyplus,일진담당일진,GRIMZO,9.89,https://comic.naver.com/webtoon/list?titleId=797153&tab=dailyPlus
dailyplus,세기말 데빌,섀이,9.96,https://comic.naver.com/webtoon/list?titleId=804418&tab=dailyPlus
dailyplus,세력들,"2막시작, 용 / 말차슈페너",9.29,https://comic.naver.com/webtoon/list?titleId=829429&tab=dailyPlus
dailyplus,바바 다이어리,이비,9.98,https://comic.naver.com/webtoon/list?titleId=819016&tab=dailyPlus
dailyplus,로또 1등도 출근합니다,"서인하, 유극조 / 유극조 / 서인하",9.74,https://comic.naver.com/webtoon/list?titleId=824698&tab=dailyPlus
dailyplus,무한 레벨업 in 무림,김진우 / 곤붕,9.85,https://comic.naver.com/webtoon/list?titleId=816676&tab=dailyPlus
dailyplus,던전 독점으로 레벨업,일환 / 가온길,9.52,https://comic.naver.com/webtoon/list?titleId=828374&tab=dailyPlus
dailyplus,꽃이 삼킨 짐승,므랑 / 달천 / 백묘,9.96,https://comic.naver.com/webtoon/list?titleId=823748&tab=dailyPlus
dailyplus,황후 자리를 버리겠습니다,김희성 / 갈비 / 한보연,9.95,https://comic.naver.com/webtoon/list?titleId=807809&tab=dailyPlus
dailyplus,만능사원 전설이 되다,제이로빈 / 캡맨아저씨,9.82,https://comic.naver.com/webtoon/list?titleId=818785&tab=dailyPlus
dailyplus,비서 말고 여자,박다연 / 별규,9.94,https://comic.naver.com/webtoon/list?titleId=818358&tab=dailyPlus
dailyplus,회귀 대마도사의 근접 마법 무쌍,마유미 소 / Fuyuki23,9.11,https://comic.naver.com/webtoon/list?titleId=828429&tab=dailyPlus
dailyplus,회사를 다닙시다,콩쭈 / 리세 / 우지혜,9.84,https://comic.naver.com/webtoon/list?titleId=832276&tab=dailyPlus
dailyplus,괴이,이정우 / 홍인근,9.79,https://comic.naver.com/webtoon/list?titleId=792949&tab=dailyPlus
dailyplus,주인공이 힘을 숨김,팀 맷가마리 / 로드워리어,9.80,https://comic.naver.com/webtoon/list?titleId=816876&tab=dailyPlus
dailyplus,러브 인 바디,한요정,9.68,https://comic.naver.com/webtoon/list?titleId=828658&tab=dailyPlus
dailyplus,레벨 999 흑막 공녀가 되었다,한가가 / 이재이 / 산소비,9.94,https://comic.naver.com/webtoon/list?titleId=826620&tab=dailyPlus
dailyplus,위대한 가문의 검술 천재가 되었다,이동섭 / 전욱,9.53,https://comic.naver.com/webtoon/list?titleId=796534&tab=dailyPlus
dailyplus,사악한 공작 영애의 우울,사월 / 산이 / 설단희,9.92,https://comic.naver.com/webtoon/list?titleId=822004&tab=dailyPlus
dailyplus,"오, 담에 핀 꽃",은정 / 면라 / 박영,9.94,https://comic.naver.com/webtoon/list?titleId=828874&tab=dailyPlus
dailyplus,암살자 가문의 수양딸이 되었다,다우 / 유랑 / 로갱,9.93,https://comic.naver.com/webtoon/list?titleId=821372&tab=dailyPlus
dailyplus,아기 볼모가 너무 귀여워,Onu / 유안케 / 다롱꽃,9.86,https://comic.naver.com/webtoon/list?titleId=800001&tab=dailyPlus
dailyplus,본투비갓,턱점,9.93,https://comic.naver.com/webtoon/list?titleId=784846&tab=dailyPlus
dailyplus,악녀는 모든 게 피곤하다,"박하, 김은원 / DD / 연한",9.93,https://comic.naver.com/webtoon/list?titleId=829388&tab=dailyPlus
dailyplus,옥타곤의 제왕,GOPUBI / 필립,9.86,https://comic.naver.com/webtoon/list?titleId=795257&tab=dailyPlus
dailyplus,성좌들이 내 제자,차지운 / 스튜디오 이너스 / 방구석김씨,9.67,https://comic.naver.com/webtoon/list?titleId=807170&tab=dailyPlus
dailyplus,병약한 남편에게 시집갔는데,만비 / 오뵤 / 피코크블루,9.93,https://comic.naver.com/webtoon/list?titleId=824695&tab=dailyPlus
dailyplus,본능적인 그대,"이달아, 클레버 / 갱아 / 이달아",9.90,https://comic.naver.com/webtoon/list?titleId=803208&tab=dailyPlus
dailyplus,슬기로운 문명생활,위래 / 범귄,9.50,https://comic.naver.com/webtoon/list?titleId=819218&tab=dailyPlus
dailyplus,남사친과 실수는 추천하지 않습니다,클레버 / 후영 / 권찌,9.90,https://comic.naver.com/webtoon/list?titleId=819172&tab=dailyPlus
dailyplus,네 법대로 해라,연생 / 하명석 / 산경(山景),9.17,https://comic.naver.com/webtoon/list?titleId=833648&tab=dailyPlus
dailyplus,이세계 편돌이,꿀자몽 / 슬픈방울뱀,9.94,https://comic.naver.com/webtoon/list?titleId=823502&tab=dailyPlus
dailyplus,초월자 학원의 수강생이 되었다,어쩌다 / 뀨잔느 / 두파치타파,9.79,https://comic.naver.com/webtoon/list?titleId=797222&tab=dailyPlus
dailyplus,악당이 살아가는 법,감사크 / 이마식 / 룬드그린,9.90,https://comic.naver.com/webtoon/list?titleId=784849&tab=dailyPlus
dailyplus,계약직 대공비,Lariyu / MON쉘,9.86,https://comic.naver.com/webtoon/list?titleId=814739&tab=dailyPlus
dailyplus,맞바람을 핀다는 건,청푸름 / 팀 우사 / 손세희,9.78,https://comic.naver.com/webtoon/list?titleId=813180&tab=dailyPlus
dailyplus,대가는 너희의 모든 것,스튜디오늘봄 / 하코 / 고네스,9.98,https://comic.naver.com/webtoon/list?titleId=817998&tab=dailyPlus
dailyplus,설산의 괴물 황녀,물보라 / 수호 / 이낙음,9.94,https://comic.naver.com/webtoon/list?titleId=822007&tab=dailyPlus
dailyplus,재력으로 후려치는 환생 경찰,미르선생 / 블루새 / 배뿌,9.81,https://comic.naver.com/webtoon/list?titleId=825424&tab=dailyPlus
dailyplus,헌터 세상의 정원사,전기태 / 토모조 / 슬리버,9.89,https://comic.naver.com/webtoon/list?titleId=821371&tab=dailyPlus
dailyplus,구마흥신소,"동훈 / 동훈, 상훈",9.76,https://comic.naver.com/webtoon/list?titleId=811616&tab=dailyPlus
dailyplus,성황의 손자는 네크로맨서,스튜디오늘봄 / 기뭉 / 그림자꾼,9.80,https://comic.naver.com/webtoon/list?titleId=817923&tab=dailyPlus
dailyplus,신혈의 구세주,에토 슌지 / silou,9.45,https://comic.naver.com/webtoon/list?titleId=824450&tab=dailyPlus
dailyplus,악역 폭군이 회귀해 버렸다,Studio 우리들 / 제퓨어,9.97,https://comic.naver.com/webtoon/list?titleId=827289&tab=dailyPlus
dailyplus,집착 흑막들의 시터가 되어버렸다,오성영 / 여람 / i싱나,9.93,https://comic.naver.com/webtoon/list?titleId=812143&tab=dailyPlus
dailyplus,음악천재를 위하여,캐롯스튜디오 / 고광(高光),9.92,https://comic.naver.com/webtoon/list?titleId=822827&tab=dailyPlus
dailyplus,막장드라마에 갇혀버렸다,강노 / 김살구,9.97,https://comic.naver.com/webtoon/list?titleId=824995&tab=dailyPlus
dailyplus,오프에서 만나요,팀 치즈고포,9.78,https://comic.naver.com/webtoon/list?titleId=812412&tab=dailyPlus
dailyplus,시녀님은 육아가 싫어요,은유 / 콩자 / 꿀밤비,9.95,https://comic.naver.com/webtoon/list?titleId=820835&tab=dailyPlus
dailyplus,신들의 배달기사,꿀범 / 잼뀨 / 바다낭자,9.83,https://comic.naver.com/webtoon/list?titleId=823667&tab=dailyPlus
dailyplus,상위 0.001% 랭커의 귀환,팀 감자스콘6 / 유우리,9.70,https://comic.naver.com/webtoon/list?titleId=808242&tab=dailyPlus
dailyplus,잔반없는 날,AHN,9.94,https://comic.naver.com/webtoon/list?titleId=810283&tab=dailyPlus
dailyplus,나를 버린 가족에게 돌아가지 않습니다,스플 / 니졔 / 차은도,9.91,https://comic.naver.com/webtoon/list?titleId=813405&tab=dailyPlus
dailyplus,"울어주세요, 황태자님",Duck담,9.95,https://comic.naver.com/webtoon/list?titleId=784845&tab=dailyPlus
dailyplus,갬블링 1945,Vne / 박스오피스,9.89,https://comic.naver.com/webtoon/list?titleId=808078&tab=dailyPlus
dailyplus,야간근무,둥글댕글 / 쇼비 / 리브 바이,9.86,https://comic.naver.com/webtoon/list?titleId=823016&tab=dailyPlus
dailyplus,찬란한 이혼,ZQ / 도프 / 알렛(소나무다),9.84,https://comic.naver.com/webtoon/list?titleId=822564&tab=dailyPlus
dailyplus,어느 날 남편이 생겼다,위궤양게츠비 / 담수 / 갓녀,9.86,https://comic.naver.com/webtoon/list?titleId=820710&tab=dailyPlus
dailyplus,이상한 나라의 흰 토끼,녹음 / Iz / 명윤,9.93,https://comic.naver.com/webtoon/list?titleId=826848&tab=dailyPlus
dailyplus,"아니, 저는 황녀님만 꼬셨다니까요?",GN / 모드,9.94,https://comic.naver.com/webtoon/list?titleId=824038&tab=dailyPlus
dailyplus,검사가 법을 모름,일월비 / 창,9.70,https://comic.naver.com/webtoon/list?titleId=821083&tab=dailyPlus
dailyplus,오빠 그건 오해야,도연 / 태소영,9.85,https://comic.naver.com/webtoon/list?titleId=821091&tab=dailyPlus
dailyplus,남편의 정부로 환생한 심정을 서술하시오,우주 / 뮤우 / 뚜또리,9.85,https://comic.naver.com/webtoon/list?titleId=822208&tab=dailyPlus
dailyplus,정신을 차렸을 땐 흑막 주군이 감긴 후였다,연말 / 교시,9.92,https://comic.naver.com/webtoon/list?titleId=817989&tab=dailyPlus
dailyplus,은하!,그리폰 / 알타리,9.94,https://comic.naver.com/webtoon/list?titleId=800104&tab=dailyPlus
dailyplus,악역을 길들인 줄 알았는데,박신 / 아마 / 서예림,9.88,https://comic.naver.com/webtoon/list?titleId=818146&tab=dailyPlus
dailyplus,도돌이표,으겸2,9.88,https://comic.naver.com/webtoon/list?titleId=813097&tab=dailyPlus
dailyplus,이제 와 후회해봤자,지엽 / 달슬,9.88,https://comic.naver.com/webtoon/list?titleId=822010&tab=dailyPlus
dailyplus,완벽한 쇼윈도,랑땡 / 로즈빈,9.95,https://comic.naver.com/webtoon/list?titleId=806866&tab=dailyPlus
dailyplus,악녀인데 하필 남편이 잘생겼다,권수리 / 장덕 / 벚꽃그리고,9.88,https://comic.naver.com/webtoon/list?titleId=813963&tab=dailyPlus
dailyplus,축구재능 다 내꺼,amber / 핫식스,8.71,https://comic.naver.com/webtoon/list?titleId=818049&tab=dailyPlus
dailyplus,"그 악녀 인생, 제가 한번 살아 볼게요",타루 / 마시 / 민트베리,9.93,https://comic.naver.com/webtoon/list?titleId=813396&tab=dailyPlus
dailyplus,멜팅 슬로우,팀 사바나 / 팀 제이 / 이른꽃,9.94,https://comic.naver.com/webtoon/list?titleId=820166&tab=dailyPlus
dailyplus,다정한 구원자를 황제로 만드는 법,소다 / graiyo,9.91,https://comic.naver.com/webtoon/list?titleId=826531&tab=dailyPlus
dailyplus,빌런의 정의,인배 / 해우 / 가온나라빛,9.96,https://comic.naver.com/webtoon/list?titleId=818155&tab=dailyPlus
dailyplus,후궁의 초대,IN홍 / 해옹 / 린아(潾娥),9.90,https://comic.naver.com/webtoon/list?titleId=801697&tab=dailyPlus
dailyplus,시크릿 플레이어,냠냠이 / 나지하지 / 산지직송,9.74,https://comic.naver.com/webtoon/list?titleId=800598&tab=dailyPlus
dailyplus,동생이 천재였다,나술래 / 건일 / 시하,9.92,https://comic.naver.com/webtoon/list?titleId=819407&tab=dailyPlus
dailyplus,부러진 가지를 잡지 마세요,조코피아 / 선장,9.72,https://comic.naver.com/webtoon/list?titleId=819989&tab=dailyPlus
dailyplus,천재 공작가의 양녀로 살아남기,김문지 / 여나 / 혜아림,9.94,https://comic.naver.com/webtoon/list?titleId=824748&tab=dailyPlus
dailyplus,천재 플레이어의 귀환,쿠키요 / 24시수면중,9.53,https://comic.naver.com/webtoon/list?titleId=823284&tab=dailyPlus
dailyplus,진짜가 나타나기 전까지만,이태산 / 강유 / 무소,9.92,https://comic.naver.com/webtoon/list?titleId=823977&tab=dailyPlus
dailyplus,게임의 법칙,유티스트,9.60,https://comic.naver.com/webtoon/list?titleId=787372&tab=dailyPlus
dailyplus,일신상의 이유로 잠시 휴재합니다,"김의선, 나무꾼 / RK STUDIO / 크래커",9.83,https://comic.naver.com/webtoon/list?titleId=801449&tab=dailyPlus
dailyplus,신선한 후궁님,돗개 / 별빵 / 김정화,9.92,https://comic.naver.com/webtoon/list?titleId=814544&tab=dailyPlus
dailyplus,저주가 저주가 아닌 게 저주,가향 / 제과제뼈,9.92,https://comic.naver.com/webtoon/list?titleId=801105&tab=dailyPlus
dailyplus,던전 탈출이 너무 힘들다,김자까 / 땡돌 / 핫식스,9.75,https://comic.naver.com/webtoon/list?titleId=806225&tab=dailyPlus
dailyplus,족가,서승준 / 손창균,9.39,https://comic.naver.com/webtoon/list?titleId=817988&tab=dailyPlus
dailyplus,"북부 대공 부인, 추워서 못 하겠습니다","레몬수박, 이건 / 연초",9.96,https://comic.naver.com/webtoon/list?titleId=805321&tab=dailyPlus
dailyplus,검은 꽃이 되었다,황바름 / 카미나리 / 천세송,9.86,https://comic.naver.com/webtoon/list?titleId=829425&tab=dailyPlus
dailyplus,황제의 품으로 돌아온 성녀,복장 / 마요네스 / 스카이야,9.91,https://comic.naver.com/webtoon/list?titleId=814032&tab=dailyPlus
dailyplus,남주 좀 납치합시다!,조난 / 단시오,9.94,https://comic.naver.com/webtoon/list?titleId=828945&tab=dailyPlus
dailyplus,서브 남주가 너무 많아!,홍이영 / NT,9.90,https://comic.naver.com/webtoon/list?titleId=821081&tab=dailyPlus
dailyplus,천재작가의 랜덤 작업실,펭스 / 게장맛집 / 글맛,9.89,https://comic.naver.com/webtoon/list?titleId=818987&tab=dailyPlus
dailyplus,내숭학교,광개토,9.87,https://comic.naver.com/webtoon/list?titleId=820889&tab=dailyPlus
dailyplus,하이웨이 투 헬,가개비,9.89,https://comic.naver.com/webtoon/list?titleId=799561&tab=dailyPlus
dailyplus,이혼 3초컷 완료해드림,"박신, 회반죽 / 호박거북 / 황지구",9.83,https://comic.naver.com/webtoon/list?titleId=817761&tab=dailyPlus
dailyplus,발푸르기스의 마녀 의사,행두 / 은도 / 탐하다,9.69,https://comic.naver.com/webtoon/list?titleId=833480&tab=dailyPlus
dailyplus,피폐물 남주에게 꽃길을,지구본사탕 / 피디님라부,9.95,https://comic.naver.com/webtoon/list?titleId=819462&tab=dailyPlus
dailyplus,복수의 잔은 당신의 손에,스캠퍼 / 집사,9.92,https://comic.naver.com/webtoon/list?titleId=821133&tab=dailyPlus
dailyplus,"선생님께, 바네사로부터",오성영 / 스티아 / 사소금,9.96,https://comic.naver.com/webtoon/list?titleId=824024&tab=dailyPlus
dailyplus,우리는 약혼을 잃었다,류희온 / Shinonome Yu,9.85,https://comic.naver.com/webtoon/list?titleId=827385&tab=dailyPlus
dailyplus,놀아주는 여자,"윤세인 / 블구리, 앵두 / 박수정",9.91,https://comic.naver.com/webtoon/list?titleId=820795&tab=dailyPlus
dailyplus,마왕 아빠 용사 딸,"최거봉, 빵박사 / 주먹",9.83,https://comic.naver.com/webtoon/list?titleId=820918&tab=dailyPlus
dailyplus,소중한 날은 언제나 비가 내린다,RYO / yabomi,9.65,https://comic.naver.com/webtoon/list?titleId=791737&tab=dailyPlus
dailyplus,리바이브,므다닫,9.73,https://comic.naver.com/webtoon/list?titleId=819874&tab=dailyPlus
dailyplus,헌터 잭,호야,9.91,https://comic.naver.com/webtoon/list?titleId=791675&tab=dailyPlus
dailyplus,등교하는 근식이,무지개 멍멍이,9.97,https://comic.naver.com/webtoon/list?titleId=784824&tab=dailyPlus
dailyplus,공작성의 저주받은 시녀님,오단로봇 / 차녕,9.84,https://comic.naver.com/webtoon/list?titleId=818779&tab=dailyPlus
dailyplus,구원자의 버킷리스트,초멍 / 돌라 / 바다낭자,9.70,https://comic.naver.com/webtoon/list?titleId=819689&tab=dailyPlus
dailyplus,린의 여섯 번째 황궁생존기,일원 / 기와 / 진수윤,9.94,https://comic.naver.com/webtoon/list?titleId=818672&tab=dailyPlus
dailyplus,나의 어린 악녀,서이도 / COMO / 겨울잎,9.89,https://comic.naver.com/webtoon/list?titleId=820789&tab=dailyPlus
dailyplus,철의 영혼 아누비스,김연승,9.67,https://comic.naver.com/webtoon/list?titleId=805441&tab=dailyPlus
dailyplus,황녀인데 악녀입니다,한리앙 / 수자,9.67,https://comic.naver.com/webtoon/list?titleId=794779&tab=dailyPlus
dailyplus,"이사님, 그거 저 아닌데요!",오뎅궁뎅이,9.81,https://comic.naver.com/webtoon/list?titleId=827572&tab=dailyPlus
dailyplus,나는 여왕이다,율페 / 로사린,9.82,https://comic.naver.com/webtoon/list?titleId=797728&tab=dailyPlus
dailyplus,사피엔드,로비,9.67,https://comic.naver.com/webtoon/list?titleId=819292&tab=dailyPlus
dailyplus,리얼메이커,리얼메이커,9.57,https://comic.naver.com/webtoon/list?titleId=807336&tab=dailyPlus
dailyplus,킬 더 엠페러,유황 / 팬더펭귄 / 트릭스터,9.26,https://comic.naver.com/webtoon/list?titleId=817117&tab=dailyPlus
dailyplus,투 두 리스트,RYO / FLEWing,9.74,https://comic.naver.com/webtoon/list?titleId=791686&tab=dailyPlus
dailyplus,도와줘우주,설레임 / 한겨울,9.21,https://comic.naver.com/webtoon/list?titleId=795000&tab=dailyPlus
new,서울역 바바리안,LICO / 진설우,8.39,https://comic.naver.com/webtoon/list?titleId=832669
new,구룡:사로카,"박만사, 백인휘 / 백인휘",8.42,https://comic.naver.com/webtoon/list?titleId=833416
new,귀혼,야옹이,9.19,https://comic.naver.com/webtoon/list?titleId=833705
new,발푸르기스의 마녀 의사,행두 / 은도 / 탐하다,9.69,https://comic.naver.com/webtoon/list?titleId=833480
new,티키타카,하하영 / 애크쵸,9.69,https://comic.naver.com/webtoon/list?titleId=833244
new,낢이 사는 이야기 - 계속되는 미미한 인생,서나래,9.95,https://comic.naver.com/webtoon/list?titleId=833255
new,숭늉버블티,솔리,9.86,https://comic.naver.com/webtoon/list?titleId=832674
new,시한부 천재가 살아남는 법,JP / 윤승기 / 청시소,9.95,https://comic.naver.com/webtoon/list?titleId=832703
new,연애복붙,석한,9.64,https://comic.naver.com/webtoon/list?titleId=833414
new,2024 루키 단편선,네이버웹툰 작가,9.86,https://comic.naver.com/webtoon/list?titleId=831770
new,"바라건대, 당신의 자비를",팀 빛소금 / 팀 꿀찰떡빵 / 이른꽃,9.90,https://comic.naver.com/webtoon/list?titleId=833236
new,모솔대첩,진자 / 정생,9.57,https://comic.naver.com/webtoon/list?titleId=833596
new,감정전이,향유,9.95,https://comic.naver.com/webtoon/list?titleId=832317
new,2회차 환관이 남성을 되찾음,LICO / 포스스튜디오 / 노빠꾸맨,9.73,https://comic.naver.com/webtoon/list?titleId=832566
new,러스트,채.이.문 / 얌츄 / 글라딘,9.80,https://comic.naver.com/webtoon/list?titleId=832984
new,문스트럭,젤리피쉬 / 영모,9.97,https://comic.naver.com/webtoon/list?titleId=833052
new,본즈,이건 / 무선민,9.54,https://comic.naver.com/webtoon/list?titleId=833182
new,개짓,"불사 / MUTE, 서인화 / 김영한",9.86,https://comic.naver.com/webtoon/list?titleId=833620
new,네 법대로 해라,연생 / 하명석 / 산경(山景),9.17,https://comic.naver.com/webtoon/list?titleId=833648
new,살아생전,지도,9.97,https://comic.naver.com/webtoon/list?titleId=832575
new,절대군림,박시대 / 장영훈,9.94,https://comic.naver.com/webtoon/list?titleId=832677
new,나의 구원이,이수이,9.86,https://comic.naver.com/webtoon/list?titleId=833415
new,"주군, 속이 쓰립니다","오쿠다 타스크, 게스이 도만 / 카나타",9.75,https://comic.naver.com/webtoon/list?titleId=832560
new,???랭크 히든 장비 무쌍,쿄로 / 토바 이오리,8.25,https://comic.naver.com/webtoon/list?titleId=832707
new,거룩한 밤 : 더 제로,사이사 / 정한길,9.47,https://comic.naver.com/webtoon/list?titleId=833413
new,화무십일홍,블루쟁이 / 404nf / 동련,9.09,https://comic.naver.com/webtoon/list?titleId=833615
new,들개,김판교,9.21,https://comic.naver.com/webtoon/list?titleId=832795
new,수사9단0,김선권,9.86,https://comic.naver.com/webtoon/list?titleId=832244
new,내가 키운 미친개에게 감금당했다,한가가 / 최화인 / 은가빛,9.94,https://comic.naver.com/webtoon/list?titleId=832320
new,크립티드,247,9.76,https://comic.naver.com/webtoon/list?titleId=832758
new,미로 인 메모리,유이수,9.75,https://comic.naver.com/webtoon/list?titleId=833040
new,내 분신이 거물이 되어간다,LICO / 한사 / 실험샘플,9.81,https://comic.naver.com/webtoon/list?titleId=832667
new,전력고백,손차양 / 냥지,9.89,https://comic.naver.com/webtoon/list?titleId=833248
new,뱀파이어 가족,unfins,9.95,https://comic.naver.com/webtoon/list?titleId=833254
new,황제의 멍멍이,남도겸 / 문어발 / 이흰,9.93,https://comic.naver.com/webtoon/list?titleId=832985
new,미래를 보는 투자자,헤지 / 양송,9.84,https://comic.naver.com/webtoon/list?titleId=833241
new,망겜으로 기사회생,철무장미 / 한징,9.86,https://comic.naver.com/webtoon/list?titleId=833417
finish,조선롹스타,전분,9.18,https://comic.naver.com/webtoon/list?titleId=833397
finish,나이스 ThinQ Time,김진,9.39,https://comic.naver.com/webtoon/list?titleId=832679
finish,"오, 친애하는 숙적",오쏘 / 무정 / 미나토,9.97,https://comic.naver.com/webtoon/list?titleId=790840
finish,루루라라 우리네 인생,현이씨,9.96,https://comic.naver.com/webtoon/list?titleId=802039
finish,희망상조,김준태,9.20,https://comic.naver.com/webtoon/list?titleId=833168
finish,첫날밤만 세 번째,나라나라 / 갓녀,9.95,https://comic.naver.com/webtoon/list?titleId=804157
finish,궤도의 아이들,나윤희 / 구김,9.93,https://comic.naver.com/webtoon/list?titleId=802819
finish,비밀친구,이밤애 / 사바싸,9.85,https://comic.naver.com/webtoon/list?titleId=797221
finish,튜토리얼 탑의 고인물,토프 / 방구석김씨,9.81,https://comic.naver.com/webtoon/list?titleId=738694
finish,소공녀 민트,봉이 / 갈피 / 오윤,9.96,https://comic.naver.com/webtoon/list?titleId=787061
finish,순수한 동거생활,성은 / 플아다,9.89,https://comic.naver.com/webtoon/list?titleId=797937
finish,SPT - 박쥐의 시간,김보통 / 본인,9.81,https://comic.naver.com/webtoon/list?titleId=815326
finish,변방의 외노자,턍 / 동규 / 후로스트,9.81,https://comic.naver.com/webtoon/list?titleId=780172
finish,빌런투킬,퓨핀 / 은지,9.92,https://comic.naver.com/webtoon/list?titleId=765156
finish,랜덤채팅의 그녀!,박은혁,9.11,https://comic.naver.com/webtoon/list?titleId=702608
finish,구리의 구리구리,구리,9.78,https://comic.naver.com/webtoon/list?titleId=832750
finish,구리의 구리구리 컴백,구리,9.78,https://comic.naver.com/webtoon/list?titleId=832751
finish,마이너스의 손,김뎐,9.96,https://comic.naver.com/webtoon/list?titleId=679568
finish,ㅋㄷㅋㄷ만화,이혜,9.87,https://comic.naver.com/webtoon/list?titleId=715206
finish,소녀의 세계,모랑지,9.92,https://comic.naver.com/webtoon/list?titleId=654774
finish,파운더,임상윤 / 만두인,9.91,https://comic.naver.com/webtoon/list?titleId=791205
finish,"그 머리 긴 선배, 이름이 뭐더라?",불관후,9.91,https://comic.naver.com/webtoon/list?titleId=821050
finish,무능력자,치킨무 / 드쾅,9.76,https://comic.naver.com/webtoon/list?titleId=821085
finish,황제의 검,레드훅 / 류신 / 임무성,9.75,https://comic.naver.com/webtoon/list?titleId=813443
finish,회귀한 천재 헌터의 슬기로운 청소생활,고일고일 / 달비트,9.85,https://comic.naver.com/webtoon/list?titleId=796827
finish,귀비나리,신희빈 / 곰시,9.94,https://comic.naver.com/webtoon/list?titleId=812381
finish,남사친의 법칙,이도윤,9.96,https://comic.naver.com/webtoon/list?titleId=808738
finish,말숙이를 부탁해,임규현,9.94,https://comic.naver.com/webtoon/list?titleId=807634
finish,헥토파스칼,버퍼링 / 길성근,9.90,https://comic.naver.com/webtoon/list?titleId=799250
finish,썸머썸,주영현,9.64,https://comic.naver.com/webtoon/list?titleId=832551
finish,아무것도 하고 싶지 않아,주영현,9.94,https://comic.naver.com/webtoon/list?titleId=832554
finish,트리거,고경빈,9.83,https://comic.naver.com/webtoon/list?titleId=764480
finish,아이 하나,망순,9.45,https://comic.naver.com/webtoon/list?titleId=819057
finish,작전명 순정,꼬까리 / 들덤,9.92,https://comic.naver.com/webtoon/list?titleId=793275
finish,플레이어,박종석 / 오현준,9.93,https://comic.naver.com/webtoon/list?titleId=745876
finish,그거 사랑 아니야,민원백,9.96,https://comic.naver.com/webtoon/list?titleId=814289
finish,망치하르방,상상어,9.96,https://comic.naver.com/webtoon/list?titleId=812851
finish,겨울 정원의 하와르,단청 / 래럿 / 미나토,9.97,https://comic.naver.com/webtoon/list?titleId=802835
finish,집이 없어,와난,9.98,https://comic.naver.com/webtoon/list?titleId=721433
finish,그 남학생에게 고백하지 마십시오,도희권,9.94,https://comic.naver.com/webtoon/list?titleId=814885
finish,물귀신,디귿,9.21,https://comic.naver.com/webtoon/list?titleId=828427
finish,연우의 순정,이솔,9.97,https://comic.naver.com/webtoon/list?titleId=752532
finish,종이비행기를 날리면,모하,8.81,https://comic.naver.com/webtoon/list?titleId=832281
finish,고자여자,루즌아,9.87,https://comic.naver.com/webtoon/list?titleId=829780
finish,얼짱시대,"박만사, 남자의 이야기 / 박만사",9.88,https://comic.naver.com/webtoon/list?titleId=813335
